id,predictions
179920,"[6, 0.815, 0.532, 0.486, 0.315, 0.314, 9, 0.81, 0.527, 0.908, 0.165, 0.135, 3, 0.286, 0.515, 0.255, 0.319, 0.168]"
127410,"[4, 0.988, 0.407, 0.683, 0.324, 0.508, 3, 0.739, 0.412, 0.322, 0.361, 0.283, 9, 0.265, 0.46, 0.887, 0.224, 0.096]"
108416,"[6, 0.886, 0.474, 0.482, 0.309, 0.255, 3, 0.861, 0.494, 0.277, 0.208, 0.149, 9, 0.795, 0.489, 0.892, 0.213, 0.106, 3, 0.558, 0.5, 0.303, 0.229, 0.188]"
113077,"[4, 0.999, 0.579, 0.595, 0.295, 0.398, 3, 0.763, 0.572, 0.273, 0.353, 0.192, 9, 0.277, 0.594, 0.824, 0.225, 0.126]"
188093,"[2, 0.953, 0.509, 0.431, 0.384, 0.534, 4, 0.787, 0.505, 0.717, 0.222, 0.319, 8, 0.769, 0.34, 0.626, 0.216, 0.163, 8, 0.671, 0.403, 0.673, 0.102, 0.073, 9, 0.599, 0.483, 0.909, 0.152, 0.074, 9, 0.452, 0.492, 0.891, 0.159, 0.106]"
83666,"[4, 0.952, 0.525, 0.614, 0.213, 0.297, 4, 0.732, 0.528, 0.548, 0.214, 0.426, 4, 0.588, 0.56, 0.504, 0.305, 0.514, 9, 0.547, 0.521, 0.818, 0.134, 0.106, 8, 0.467, 0.697, 0.473, 0.162, 0.141, 2, 0.464, 0.572, 0.392, 0.349, 0.308, 9, 0.297, 0.522, 0.839, 0.133, 0.074]"
67014,"[7, 0.499, 0.447, 0.35, 0.282, 0.382, 9, 0.444, 0.542, 0.844, 0.219, 0.142, 2, 0.328, 0.537, 0.361, 0.471, 0.423]"
83548,"[2, 0.583, 0.371, 0.39, 0.302, 0.329, 3, 0.571, 0.412, 0.37, 0.142, 0.154, 3, 0.496, 0.401, 0.344, 0.13, 0.205, 9, 0.339, 0.346, 0.726, 0.165, 0.149, 9, 0.267, 0.381, 0.714, 0.233, 0.13]"
16047,"[6, 0.876, 0.519, 0.526, 0.281, 0.23, 3, 0.701, 0.535, 0.342, 0.146, 0.142, 8, 0.523, 0.41, 0.541, 0.173, 0.182, 2, 0.454, 0.519, 0.365, 0.348, 0.217]"
123917,"[6, 0.861, 0.569, 0.514, 0.297, 0.257, 3, 0.747, 0.547, 0.3, 0.347, 0.212, 9, 0.293, 0.578, 0.967, 0.165, 0.063]"
183141,"[7, 0.991, 0.475, 0.504, 0.321, 0.441, 9, 0.566, 0.476, 0.883, 0.11, 0.068]"
188841,"[2, 0.886, 0.517, 0.409, 0.469, 0.375, 9, 0.546, 0.472, 0.927, 0.148, 0.055, 9, 0.327, 0.469, 0.908, 0.156, 0.093, 3, 0.259, 0.478, 0.316, 0.141, 0.167]"
7380,"[9, 0.665, 0.569, 0.908, 0.155, 0.143, 3, 0.545, 0.576, 0.314, 0.355, 0.278, 3, 0.401, 0.606, 0.331, 0.258, 0.246]"
181075,"[3, 0.678, 0.474, 0.307, 0.291, 0.213, 9, 0.656, 0.475, 0.882, 0.169, 0.17, 3, 0.627, 0.553, 0.312, 0.442, 0.235, 5, 0.618, 0.464, 0.498, 0.327, 0.235, 6, 0.613, 0.462, 0.497, 0.332, 0.231, 8, 0.329, 0.477, 0.882, 0.165, 0.168]"
2748,"[6, 0.912, 0.5, 0.473, 0.284, 0.174, 3, 0.76, 0.514, 0.283, 0.245, 0.186, 5, 0.683, 0.497, 0.47, 0.289, 0.172, 9, 0.529, 0.465, 0.924, 0.172, 0.11]"
145324,"[4, 0.989, 0.473, 0.665, 0.33, 0.505, 9, 0.541, 0.502, 0.905, 0.2, 0.079, 3, 0.417, 0.44, 0.308, 0.328, 0.261]"
78731,"[4, 0.875, 0.515, 0.693, 0.279, 0.351, 9, 0.632, 0.507, 0.897, 0.133, 0.113, 3, 0.618, 0.515, 0.473, 0.281, 0.225, 3, 0.354, 0.53, 0.443, 0.221, 0.159, 6, 0.337, 0.514, 0.685, 0.285, 0.347]"
6476,"[2, 0.883, 0.542, 0.359, 0.345, 0.383, 9, 0.845, 0.53, 0.92, 0.169, 0.118, 3, 0.41, 0.561, 0.333, 0.175, 0.272, 8, 0.27, 0.324, 0.583, 0.216, 0.297, 6, 0.255, 0.328, 0.584, 0.209, 0.29]"
194272,"[4, 0.958, 0.489, 0.65, 0.307, 0.577, 3, 0.825, 0.462, 0.264, 0.135, 0.148, 2, 0.327, 0.489, 0.293, 0.353, 0.244]"
103368,"[8, 0.569, 0.46, 0.518, 0.16, 0.116, 8, 0.529, 0.501, 0.515, 0.238, 0.122, 2, 0.37, 0.553, 0.367, 0.374, 0.372, 9, 0.312, 0.581, 0.765, 0.178, 0.161, 9, 0.278, 0.581, 0.882, 0.111, 0.145, 9, 0.256, 0.587, 0.904, 0.1, 0.103]"
187261,"[4, 0.662, 0.386, 0.71, 0.23, 0.269, 3, 0.652, 0.369, 0.321, 0.269, 0.244, 9, 0.628, 0.382, 0.889, 0.156, 0.128, 2, 0.623, 0.393, 0.338, 0.334, 0.291, 6, 0.503, 0.386, 0.495, 0.282, 0.188]"
112448,"[3, 0.738, 0.504, 0.289, 0.378, 0.22, 6, 0.601, 0.435, 0.471, 0.275, 0.234, 9, 0.532, 0.376, 0.885, 0.308, 0.114, 8, 0.471, 0.285, 0.416, 0.151, 0.149, 5, 0.314, 0.434, 0.547, 0.276, 0.094]"
167263,"[6, 0.984, 0.521, 0.497, 0.358, 0.32, 3, 0.741, 0.518, 0.238, 0.419, 0.244, 9, 0.685, 0.465, 0.897, 0.248, 0.107, 3, 0.276, 0.454, 0.26, 0.29, 0.212]"
54472,"[9, 0.565, 0.361, 0.895, 0.119, 0.126, 2, 0.548, 0.475, 0.302, 0.473, 0.288, 6, 0.519, 0.377, 0.454, 0.328, 0.253]"
149228,"[5, 0.705, 0.5, 0.497, 0.321, 0.189, 6, 0.68, 0.501, 0.489, 0.317, 0.165, 3, 0.561, 0.487, 0.309, 0.278, 0.247, 9, 0.451, 0.46, 0.846, 0.131, 0.081]"
145970,"[4, 0.937, 0.558, 0.64, 0.312, 0.436, 2, 0.653, 0.536, 0.347, 0.358, 0.276, 9, 0.382, 0.56, 0.908, 0.294, 0.082, 3, 0.331, 0.534, 0.349, 0.356, 0.277, 9, 0.287, 0.571, 0.892, 0.284, 0.114]"
64851,"[3, 0.814, 0.538, 0.284, 0.234, 0.206, 3, 0.7, 0.557, 0.282, 0.302, 0.247, 6, 0.696, 0.543, 0.447, 0.311, 0.162, 5, 0.681, 0.542, 0.448, 0.31, 0.17, 8, 0.52, 0.69, 0.457, 0.166, 0.153, 9, 0.454, 0.55, 0.934, 0.084, 0.083, 8, 0.402, 0.596, 0.451, 0.346, 0.168]"
179198,"[2, 0.631, 0.553, 0.491, 0.284, 0.241, 9, 0.589, 0.551, 0.904, 0.128, 0.121, 3, 0.557, 0.591, 0.507, 0.187, 0.209, 3, 0.384, 0.551, 0.491, 0.286, 0.242]"
40398,"[5, 0.837, 0.53, 0.509, 0.285, 0.083, 3, 0.696, 0.535, 0.341, 0.34, 0.304, 2, 0.379, 0.481, 0.332, 0.453, 0.316, 3, 0.3, 0.516, 0.361, 0.275, 0.262]"
89721,"[4, 0.998, 0.44, 0.695, 0.309, 0.499, 2, 0.896, 0.409, 0.319, 0.395, 0.294, 3, 0.796, 0.442, 0.333, 0.208, 0.256]"
14439,"[9, 0.78, 0.715, 0.889, 0.151, 0.132, 6, 0.717, 0.685, 0.477, 0.298, 0.171, 3, 0.578, 0.727, 0.346, 0.445, 0.292, 5, 0.532, 0.684, 0.479, 0.296, 0.165, 2, 0.412, 0.717, 0.351, 0.456, 0.306, 8, 0.316, 0.554, 0.591, 0.101, 0.186, 3, 0.276, 0.69, 0.312, 0.282, 0.207]"
174067,"[6, 0.946, 0.584, 0.532, 0.293, 0.269, 3, 0.919, 0.589, 0.307, 0.233, 0.181, 9, 0.733, 0.558, 0.902, 0.148, 0.127]"
125095,"[2, 0.81, 0.409, 0.433, 0.303, 0.274, 9, 0.656, 0.39, 0.877, 0.116, 0.082, 6, 0.267, 0.404, 0.589, 0.251, 0.205, 8, 0.251, 0.332, 0.513, 0.13, 0.131]"
190385,"[4, 0.959, 0.334, 0.722, 0.263, 0.316, 2, 0.433, 0.321, 0.347, 0.347, 0.378, 9, 0.347, 0.346, 0.85, 0.198, 0.079, 9, 0.266, 0.344, 0.823, 0.209, 0.133]"
152410,"[6, 0.856, 0.498, 0.471, 0.293, 0.234, 8, 0.785, 0.665, 0.512, 0.118, 0.128, 9, 0.749, 0.502, 0.889, 0.171, 0.115, 3, 0.576, 0.542, 0.282, 0.375, 0.253]"
58682,"[8, 0.93, 0.341, 0.488, 0.172, 0.108, 6, 0.749, 0.517, 0.472, 0.254, 0.18, 3, 0.679, 0.533, 0.303, 0.23, 0.179, 9, 0.655, 0.522, 0.86, 0.164, 0.121, 9, 0.506, 0.521, 0.893, 0.151, 0.057]"
29220,"[7, 0.991, 0.539, 0.355, 0.305, 0.435, 9, 0.612, 0.52, 0.915, 0.291, 0.13, 9, 0.286, 0.515, 0.933, 0.285, 0.089, 4, 0.274, 0.522, 0.717, 0.297, 0.321]"
30742,"[4, 0.992, 0.479, 0.654, 0.307, 0.482, 8, 0.713, 0.305, 0.738, 0.206, 0.37, 2, 0.472, 0.494, 0.346, 0.352, 0.321, 9, 0.437, 0.477, 0.92, 0.164, 0.108, 8, 0.326, 0.309, 0.794, 0.209, 0.333, 3, 0.321, 0.517, 0.328, 0.205, 0.236, 4, 0.257, 0.426, 0.677, 0.418, 0.515]"
181266,"[8, 0.832, 0.346, 0.62, 0.186, 0.136, 9, 0.597, 0.532, 0.915, 0.159, 0.118, 5, 0.417, 0.533, 0.549, 0.304, 0.14, 3, 0.372, 0.508, 0.327, 0.345, 0.272, 6, 0.267, 0.536, 0.551, 0.312, 0.133]"
48274,"[6, 0.933, 0.5, 0.482, 0.312, 0.263, 3, 0.724, 0.457, 0.255, 0.443, 0.237, 9, 0.698, 0.466, 0.949, 0.158, 0.077, 3, 0.375, 0.489, 0.257, 0.312, 0.231, 9, 0.286, 0.461, 0.92, 0.175, 0.146]"
33172,"[4, 0.952, 0.428, 0.639, 0.37, 0.451, 8, 0.847, 0.349, 0.701, 0.299, 0.327, 4, 0.572, 0.487, 0.643, 0.264, 0.431, 3, 0.385, 0.479, 0.331, 0.242, 0.255, 2, 0.356, 0.451, 0.315, 0.325, 0.266, 9, 0.314, 0.576, 0.924, 0.074, 0.056, 9, 0.256, 0.577, 0.911, 0.075, 0.079]"
185787,"[9, 0.717, 0.701, 0.852, 0.25, 0.133, 2, 0.619, 0.756, 0.401, 0.426, 0.388, 8, 0.463, 0.608, 0.53, 0.088, 0.088, 8, 0.434, 0.701, 0.852, 0.259, 0.133]"
182929,"[2, 0.944, 0.392, 0.335, 0.45, 0.315, 3, 0.897, 0.405, 0.32, 0.151, 0.168, 4, 0.875, 0.382, 0.631, 0.35, 0.485, 8, 0.854, 0.168, 0.629, 0.214, 0.257, 9, 0.728, 0.383, 0.899, 0.164, 0.074, 8, 0.274, 0.173, 0.669, 0.213, 0.172, 6, 0.271, 0.397, 0.632, 0.328, 0.499]"
88919,"[6, 0.875, 0.528, 0.547, 0.314, 0.274, 3, 0.612, 0.494, 0.295, 0.284, 0.21, 9, 0.286, 0.524, 0.905, 0.088, 0.098]"
145121,"[4, 0.972, 0.502, 0.713, 0.316, 0.477, 9, 0.329, 0.437, 0.886, 0.212, 0.177]"
148936,"[9, 0.628, 0.415, 0.918, 0.162, 0.107, 6, 0.613, 0.431, 0.479, 0.36, 0.218, 3, 0.527, 0.458, 0.265, 0.335, 0.281, 5, 0.474, 0.438, 0.479, 0.323, 0.225]"
107616,"[9, 0.781, 0.717, 0.926, 0.175, 0.103, 6, 0.78, 0.698, 0.489, 0.367, 0.241, 3, 0.352, 0.675, 0.291, 0.323, 0.206, 5, 0.319, 0.699, 0.49, 0.37, 0.229]"
1931,"[6, 0.899, 0.486, 0.512, 0.318, 0.255, 9, 0.806, 0.507, 0.905, 0.144, 0.095, 3, 0.753, 0.482, 0.305, 0.359, 0.177, 8, 0.306, 0.317, 0.532, 0.142, 0.14]"
169258,"[6, 0.798, 0.49, 0.52, 0.357, 0.333, 9, 0.528, 0.48, 0.896, 0.122, 0.106, 9, 0.419, 0.481, 0.922, 0.117, 0.057]"
58512,"[4, 0.992, 0.636, 0.646, 0.344, 0.456, 3, 0.747, 0.653, 0.317, 0.212, 0.189, 2, 0.598, 0.656, 0.336, 0.39, 0.282, 9, 0.504, 0.581, 0.91, 0.172, 0.079]"
21409,"[2, 0.873, 0.382, 0.301, 0.471, 0.343, 3, 0.77, 0.314, 0.259, 0.155, 0.181, 6, 0.716, 0.321, 0.429, 0.277, 0.175]"
109454,"[6, 0.752, 0.571, 0.537, 0.317, 0.303, 9, 0.746, 0.537, 0.896, 0.194, 0.078, 3, 0.659, 0.564, 0.305, 0.27, 0.177]"
52781,"[4, 0.978, 0.477, 0.574, 0.262, 0.377, 3, 0.677, 0.475, 0.299, 0.285, 0.176, 3, 0.557, 0.507, 0.291, 0.18, 0.16, 8, 0.441, 0.336, 0.481, 0.096, 0.153, 2, 0.292, 0.473, 0.299, 0.295, 0.179]"
124149,"[3, 0.876, 0.429, 0.283, 0.193, 0.157, 9, 0.578, 0.449, 0.892, 0.223, 0.101, 6, 0.404, 0.445, 0.427, 0.187, 0.159]"
182750,"[9, 0.747, 0.796, 0.879, 0.18, 0.108, 7, 0.562, 0.761, 0.411, 0.443, 0.357, 2, 0.359, 0.749, 0.409, 0.47, 0.376]"
188932,"[6, 0.636, 0.553, 0.726, 0.273, 0.15, 3, 0.573, 0.55, 0.345, 0.196, 0.137, 6, 0.459, 0.546, 0.677, 0.284, 0.273, 9, 0.389, 0.553, 0.889, 0.156, 0.059, 6, 0.361, 0.524, 0.6, 0.325, 0.271]"
40139,"[6, 0.892, 0.544, 0.53, 0.275, 0.275, 3, 0.71, 0.537, 0.296, 0.285, 0.221, 9, 0.581, 0.539, 0.93, 0.13, 0.079]"
59464,"[7, 0.749, 0.515, 0.399, 0.313, 0.414, 6, 0.436, 0.515, 0.484, 0.296, 0.247, 9, 0.389, 0.507, 0.944, 0.122, 0.09, 7, 0.332, 0.517, 0.483, 0.298, 0.248]"
89667,"[4, 0.973, 0.546, 0.711, 0.272, 0.396, 2, 0.784, 0.549, 0.492, 0.412, 0.394, 3, 0.639, 0.584, 0.422, 0.153, 0.186, 8, 0.597, 0.384, 0.589, 0.119, 0.278, 9, 0.511, 0.527, 0.924, 0.153, 0.116, 2, 0.289, 0.544, 0.579, 0.411, 0.559]"
20871,"[7, 0.992, 0.464, 0.359, 0.267, 0.358, 9, 0.616, 0.483, 0.876, 0.102, 0.14]"
28748,"[4, 0.99, 0.467, 0.666, 0.299, 0.456, 3, 0.585, 0.412, 0.314, 0.413, 0.301, 3, 0.507, 0.447, 0.315, 0.253, 0.278, 9, 0.392, 0.441, 0.932, 0.142, 0.104, 2, 0.28, 0.424, 0.316, 0.385, 0.301]"
66970,"[4, 0.991, 0.46, 0.716, 0.34, 0.472, 2, 0.904, 0.485, 0.346, 0.417, 0.352, 9, 0.544, 0.493, 0.938, 0.21, 0.102, 5, 0.29, 0.46, 0.552, 0.328, 0.161]"
184021,"[8, 0.468, 0.725, 0.429, 0.159, 0.249, 7, 0.394, 0.578, 0.415, 0.377, 0.367, 9, 0.322, 0.551, 0.861, 0.116, 0.109]"
183067,"[3, 0.898, 0.449, 0.383, 0.261, 0.176, 4, 0.882, 0.418, 0.622, 0.361, 0.298, 6, 0.848, 0.417, 0.622, 0.359, 0.298, 9, 0.479, 0.444, 0.859, 0.163, 0.075, 9, 0.377, 0.451, 0.876, 0.153, 0.052]"
147486,"[6, 0.828, 0.409, 0.566, 0.306, 0.182, 9, 0.665, 0.385, 0.909, 0.146, 0.115, 3, 0.393, 0.381, 0.42, 0.27, 0.166, 5, 0.26, 0.407, 0.57, 0.304, 0.187]"
183225,"[4, 0.998, 0.471, 0.681, 0.337, 0.544, 8, 0.961, 0.319, 0.676, 0.153, 0.257, 2, 0.961, 0.477, 0.32, 0.389, 0.325, 3, 0.804, 0.486, 0.326, 0.118, 0.193, 3, 0.383, 0.524, 0.334, 0.192, 0.213, 9, 0.303, 0.438, 0.964, 0.222, 0.064, 9, 0.258, 0.465, 0.931, 0.186, 0.092]"
52923,"[9, 0.57, 0.251, 0.938, 0.148, 0.07, 8, 0.363, 0.084, 0.593, 0.105, 0.136, 9, 0.263, 0.25, 0.927, 0.151, 0.102, 3, 0.252, 0.273, 0.386, 0.309, 0.171]"
55565,"[6, 0.898, 0.638, 0.514, 0.389, 0.26, 3, 0.853, 0.664, 0.301, 0.438, 0.213, 8, 0.582, 0.44, 0.714, 0.154, 0.214, 9, 0.307, 0.615, 0.924, 0.165, 0.071]"
169988,"[5, 0.884, 0.511, 0.473, 0.315, 0.18, 3, 0.838, 0.508, 0.29, 0.258, 0.243, 6, 0.495, 0.512, 0.472, 0.323, 0.167, 9, 0.368, 0.451, 0.897, 0.149, 0.117, 8, 0.32, 0.739, 0.545, 0.176, 0.13, 9, 0.306, 0.455, 0.916, 0.146, 0.084]"
188895,"[8, 0.906, 0.278, 0.714, 0.153, 0.181, 7, 0.509, 0.436, 0.498, 0.258, 0.287, 8, 0.508, 0.305, 0.619, 0.115, 0.106, 6, 0.474, 0.435, 0.518, 0.248, 0.24, 4, 0.335, 0.404, 0.751, 0.178, 0.255]"
138009,"[6, 0.896, 0.459, 0.492, 0.488, 0.324, 3, 0.77, 0.411, 0.259, 0.245, 0.182, 9, 0.523, 0.394, 0.922, 0.351, 0.125, 8, 0.289, 0.286, 0.92, 0.157, 0.132]"
184266,"[6, 0.918, 0.305, 0.566, 0.231, 0.174, 9, 0.595, 0.306, 0.906, 0.18, 0.11, 3, 0.327, 0.288, 0.438, 0.164, 0.098]"
184883,"[6, 0.773, 0.521, 0.513, 0.383, 0.34, 9, 0.526, 0.517, 0.934, 0.214, 0.093, 4, 0.477, 0.532, 0.782, 0.331, 0.314, 3, 0.326, 0.478, 0.28, 0.278, 0.176]"
64127,"[4, 0.988, 0.306, 0.634, 0.301, 0.503, 9, 0.741, 0.308, 0.917, 0.243, 0.091, 3, 0.718, 0.3, 0.281, 0.272, 0.211]"
155469,"[6, 0.929, 0.496, 0.503, 0.336, 0.23, 3, 0.744, 0.515, 0.293, 0.356, 0.227, 3, 0.722, 0.497, 0.304, 0.272, 0.207, 9, 0.607, 0.492, 0.891, 0.145, 0.09]"
185525,"[2, 0.845, 0.538, 0.369, 0.352, 0.245, 9, 0.775, 0.533, 0.837, 0.159, 0.121, 4, 0.693, 0.497, 0.596, 0.251, 0.394, 7, 0.547, 0.535, 0.522, 0.342, 0.529, 7, 0.429, 0.49, 0.529, 0.241, 0.464, 8, 0.29, 0.653, 0.511, 0.109, 0.14]"
185294,"[4, 0.813, 0.589, 0.663, 0.566, 0.614, 6, 0.724, 0.601, 0.657, 0.581, 0.609, 3, 0.67, 0.464, 0.313, 0.425, 0.323]"
77130,"[4, 0.988, 0.467, 0.666, 0.267, 0.436, 8, 0.811, 0.61, 0.609, 0.248, 0.175, 9, 0.786, 0.484, 0.92, 0.193, 0.103, 3, 0.649, 0.5, 0.338, 0.375, 0.305, 2, 0.367, 0.497, 0.34, 0.375, 0.307, 5, 0.288, 0.475, 0.508, 0.248, 0.133]"
46069,"[4, 0.756, 0.498, 0.691, 0.252, 0.355, 9, 0.756, 0.472, 0.93, 0.232, 0.134, 8, 0.55, 0.285, 0.627, 0.333, 0.28]"
182891,"[4, 0.819, 0.407, 0.573, 0.497, 0.662, 7, 0.468, 0.397, 0.59, 0.558, 0.661, 7, 0.385, 0.463, 0.577, 0.391, 0.676, 9, 0.344, 0.512, 0.886, 0.158, 0.067, 9, 0.275, 0.509, 0.865, 0.169, 0.108]"
120789,"[2, 0.951, 0.525, 0.41, 0.473, 0.399, 4, 0.856, 0.441, 0.676, 0.212, 0.343, 9, 0.842, 0.427, 0.88, 0.17, 0.107]"
63852,"[9, 0.674, 0.482, 0.912, 0.157, 0.114, 3, 0.473, 0.562, 0.293, 0.405, 0.246, 5, 0.306, 0.479, 0.488, 0.209, 0.136, 8, 0.269, 0.459, 0.488, 0.195, 0.139]"
56052,"[7, 0.981, 0.459, 0.418, 0.285, 0.37, 8, 0.777, 0.301, 0.609, 0.118, 0.17, 9, 0.662, 0.453, 0.909, 0.186, 0.102]"
174229,"[9, 0.693, 0.42, 0.885, 0.265, 0.095, 3, 0.482, 0.447, 0.33, 0.375, 0.194]"
191541,"[6, 0.885, 0.43, 0.456, 0.227, 0.19, 3, 0.658, 0.517, 0.306, 0.26, 0.156, 9, 0.489, 0.461, 0.834, 0.13, 0.11]"
37001,"[6, 0.886, 0.478, 0.474, 0.263, 0.163, 5, 0.832, 0.477, 0.474, 0.266, 0.161, 9, 0.765, 0.506, 0.914, 0.285, 0.1, 8, 0.705, 0.291, 0.702, 0.142, 0.168, 3, 0.5, 0.505, 0.325, 0.221, 0.222, 3, 0.401, 0.538, 0.324, 0.354, 0.283, 2, 0.4, 0.539, 0.324, 0.353, 0.277, 3, 0.352, 0.525, 0.35, 0.159, 0.193]"
63223,"[4, 0.997, 0.481, 0.71, 0.349, 0.395, 2, 0.954, 0.467, 0.358, 0.424, 0.366, 9, 0.577, 0.455, 0.93, 0.187, 0.115, 3, 0.262, 0.473, 0.377, 0.216, 0.299, 8, 0.257, 0.627, 0.53, 0.106, 0.087]"
83694,"[2, 0.912, 0.449, 0.447, 0.494, 0.414, 6, 0.515, 0.61, 0.688, 0.363, 0.213, 8, 0.376, 0.608, 0.686, 0.37, 0.238]"
114166,"[5, 0.913, 0.503, 0.528, 0.347, 0.159, 3, 0.444, 0.512, 0.33, 0.283, 0.269, 6, 0.404, 0.511, 0.526, 0.337, 0.16, 9, 0.349, 0.504, 0.936, 0.222, 0.067, 2, 0.314, 0.495, 0.357, 0.486, 0.364]"
193994,"[3, 0.948, 0.526, 0.304, 0.139, 0.191, 4, 0.874, 0.552, 0.621, 0.276, 0.498, 2, 0.869, 0.513, 0.331, 0.389, 0.299, 9, 0.732, 0.549, 0.924, 0.167, 0.142]"
171164,"[3, 0.822, 0.422, 0.404, 0.178, 0.225, 2, 0.685, 0.414, 0.379, 0.322, 0.23, 5, 0.369, 0.413, 0.558, 0.182, 0.104, 9, 0.353, 0.387, 0.889, 0.117, 0.095]"
176605,"[9, 0.691, 0.602, 0.886, 0.277, 0.101, 6, 0.679, 0.516, 0.559, 0.252, 0.128, 3, 0.472, 0.589, 0.339, 0.192, 0.205, 2, 0.368, 0.549, 0.361, 0.295, 0.27]"
84364,"[6, 0.909, 0.355, 0.57, 0.232, 0.267, 3, 0.776, 0.349, 0.357, 0.181, 0.181, 2, 0.718, 0.331, 0.377, 0.349, 0.268, 8, 0.634, 0.212, 0.523, 0.169, 0.156, 9, 0.547, 0.354, 0.906, 0.095, 0.077]"
76241,"[9, 0.843, 0.393, 0.87, 0.227, 0.108, 3, 0.72, 0.392, 0.297, 0.248, 0.191, 6, 0.534, 0.388, 0.487, 0.323, 0.238]"
58883,"[9, 0.847, 0.415, 0.939, 0.183, 0.096, 5, 0.575, 0.447, 0.533, 0.334, 0.095, 3, 0.41, 0.464, 0.359, 0.343, 0.337]"
127469,"[4, 0.987, 0.456, 0.732, 0.28, 0.385, 3, 0.681, 0.477, 0.443, 0.364, 0.327, 9, 0.416, 0.423, 0.961, 0.157, 0.074, 2, 0.315, 0.477, 0.448, 0.376, 0.336, 9, 0.309, 0.425, 0.977, 0.156, 0.046]"
41066,"[7, 0.841, 0.459, 0.39, 0.325, 0.447, 9, 0.771, 0.495, 0.919, 0.162, 0.121, 2, 0.603, 0.44, 0.365, 0.353, 0.419, 2, 0.376, 0.44, 0.301, 0.357, 0.29]"
175929,"[6, 0.824, 0.511, 0.51, 0.278, 0.17, 5, 0.766, 0.51, 0.508, 0.276, 0.176, 3, 0.634, 0.527, 0.386, 0.375, 0.276, 9, 0.52, 0.497, 0.925, 0.279, 0.084, 2, 0.484, 0.525, 0.387, 0.377, 0.281, 9, 0.271, 0.494, 0.902, 0.286, 0.132]"
124184,"[2, 0.836, 0.467, 0.362, 0.409, 0.399, 9, 0.472, 0.456, 0.896, 0.137, 0.142, 6, 0.383, 0.496, 0.456, 0.184, 0.277]"
31847,"[4, 0.983, 0.382, 0.617, 0.304, 0.508, 3, 0.749, 0.381, 0.297, 0.357, 0.219, 4, 0.609, 0.327, 0.665, 0.403, 0.572, 4, 0.433, 0.288, 0.778, 0.343, 0.444]"
96275,"[2, 0.976, 0.505, 0.402, 0.446, 0.369, 6, 0.593, 0.488, 0.556, 0.247, 0.218, 3, 0.581, 0.485, 0.383, 0.164, 0.168, 8, 0.548, 0.332, 0.607, 0.134, 0.192, 9, 0.418, 0.464, 0.914, 0.15, 0.119, 4, 0.393, 0.483, 0.797, 0.204, 0.3]"
187135,"[6, 0.814, 0.473, 0.517, 0.495, 0.273, 7, 0.726, 0.479, 0.45, 0.453, 0.442, 3, 0.479, 0.556, 0.319, 0.258, 0.191, 9, 0.421, 0.503, 0.894, 0.141, 0.068]"
25075,"[3, 0.665, 0.513, 0.296, 0.217, 0.165, 6, 0.481, 0.464, 0.472, 0.331, 0.224, 9, 0.433, 0.5, 0.921, 0.223, 0.107]"
191039,"[2, 0.924, 0.512, 0.447, 0.329, 0.323, 9, 0.442, 0.519, 0.836, 0.141, 0.096, 3, 0.406, 0.516, 0.486, 0.154, 0.228]"
181015,"[4, 0.966, 0.576, 0.668, 0.274, 0.432, 8, 0.734, 0.738, 0.608, 0.164, 0.165, 9, 0.558, 0.558, 0.921, 0.126, 0.108, 2, 0.439, 0.578, 0.381, 0.406, 0.384, 3, 0.368, 0.546, 0.33, 0.328, 0.285, 9, 0.344, 0.581, 0.918, 0.18, 0.12]"
153169,"[6, 0.967, 0.463, 0.525, 0.459, 0.327, 9, 0.652, 0.466, 0.909, 0.182, 0.173, 3, 0.629, 0.485, 0.293, 0.607, 0.281, 3, 0.506, 0.433, 0.254, 0.398, 0.2, 2, 0.483, 0.488, 0.298, 0.604, 0.289]"
15806,"[6, 0.988, 0.557, 0.537, 0.463, 0.336, 9, 0.549, 0.495, 0.894, 0.118, 0.099, 2, 0.4, 0.45, 0.36, 0.381, 0.335, 3, 0.372, 0.468, 0.3, 0.27, 0.205, 9, 0.28, 0.488, 0.882, 0.134, 0.117]"
175632,"[9, 0.761, 0.553, 0.876, 0.17, 0.095, 6, 0.717, 0.565, 0.479, 0.266, 0.103, 5, 0.577, 0.564, 0.479, 0.273, 0.11, 3, 0.465, 0.549, 0.311, 0.342, 0.295, 3, 0.353, 0.561, 0.314, 0.252, 0.27]"
120874,"[8, 0.895, 0.646, 0.731, 0.323, 0.326, 3, 0.863, 0.459, 0.313, 0.41, 0.266, 5, 0.601, 0.482, 0.535, 0.316, 0.191, 9, 0.39, 0.471, 0.899, 0.231, 0.122, 6, 0.356, 0.48, 0.529, 0.328, 0.198]"
167701,"[9, 0.676, 0.506, 0.939, 0.141, 0.084, 6, 0.67, 0.497, 0.486, 0.34, 0.199, 2, 0.433, 0.491, 0.365, 0.394, 0.32, 5, 0.337, 0.495, 0.489, 0.332, 0.209, 3, 0.268, 0.516, 0.332, 0.183, 0.196]"
185218,"[6, 0.785, 0.426, 0.534, 0.386, 0.311, 3, 0.512, 0.474, 0.3, 0.316, 0.203, 9, 0.393, 0.472, 0.946, 0.138, 0.102]"
36808,"[6, 0.897, 0.653, 0.444, 0.24, 0.186, 9, 0.665, 0.716, 0.83, 0.15, 0.103, 3, 0.481, 0.66, 0.291, 0.242, 0.169]"
178709,"[6, 0.868, 0.675, 0.587, 0.435, 0.253, 2, 0.381, 0.68, 0.374, 0.316, 0.315, 9, 0.36, 0.674, 0.957, 0.147, 0.054, 3, 0.27, 0.683, 0.32, 0.298, 0.216, 9, 0.265, 0.673, 0.944, 0.147, 0.067]"
104221,"[4, 0.968, 0.55, 0.664, 0.39, 0.357, 9, 0.373, 0.696, 0.938, 0.087, 0.091, 3, 0.331, 0.566, 0.393, 0.378, 0.335, 2, 0.314, 0.571, 0.395, 0.39, 0.34, 3, 0.302, 0.569, 0.327, 0.377, 0.202]"
57449,"[9, 0.713, 0.552, 0.884, 0.188, 0.095, 3, 0.668, 0.454, 0.476, 0.13, 0.187, 6, 0.603, 0.472, 0.616, 0.225, 0.117, 2, 0.336, 0.478, 0.459, 0.335, 0.317]"
175397,"[7, 0.802, 0.371, 0.552, 0.367, 0.501, 9, 0.485, 0.428, 0.88, 0.141, 0.108]"
42620,"[8, 0.765, 0.496, 0.755, 0.147, 0.258, 8, 0.729, 0.498, 0.803, 0.145, 0.17, 8, 0.403, 0.18, 0.708, 0.174, 0.218, 8, 0.309, 0.496, 0.821, 0.156, 0.241, 3, 0.279, 0.331, 0.423, 0.316, 0.202, 6, 0.278, 0.34, 0.652, 0.256, 0.279]"
64572,"[2, 0.896, 0.495, 0.36, 0.384, 0.381, 8, 0.727, 0.658, 0.52, 0.245, 0.186, 9, 0.556, 0.454, 0.91, 0.172, 0.171, 3, 0.453, 0.48, 0.406, 0.135, 0.308]"
4619,"[6, 0.774, 0.669, 0.485, 0.308, 0.176, 9, 0.728, 0.679, 0.893, 0.14, 0.125, 3, 0.659, 0.687, 0.307, 0.26, 0.191, 8, 0.599, 0.801, 0.628, 0.204, 0.171]"
182190,"[7, 0.948, 0.521, 0.371, 0.457, 0.47, 9, 0.771, 0.507, 0.892, 0.199, 0.121]"
186118,"[3, 0.668, 0.493, 0.354, 0.194, 0.187, 2, 0.58, 0.523, 0.369, 0.33, 0.347, 9, 0.39, 0.521, 0.907, 0.156, 0.141]"
92656,"[4, 0.995, 0.661, 0.665, 0.256, 0.383, 9, 0.736, 0.643, 0.899, 0.145, 0.117, 3, 0.587, 0.653, 0.35, 0.358, 0.26, 2, 0.47, 0.653, 0.35, 0.36, 0.266]"
185859,"[9, 0.915, 0.582, 0.881, 0.242, 0.114, 8, 0.866, 0.422, 0.594, 0.206, 0.169]"
49453,"[6, 0.772, 0.572, 0.495, 0.302, 0.209, 9, 0.673, 0.527, 0.912, 0.2, 0.084, 9, 0.608, 0.527, 0.89, 0.2, 0.127, 2, 0.573, 0.555, 0.31, 0.444, 0.266, 3, 0.542, 0.554, 0.31, 0.44, 0.272, 5, 0.453, 0.572, 0.495, 0.308, 0.218, 3, 0.365, 0.595, 0.299, 0.34, 0.239, 8, 0.318, 0.353, 0.56, 0.171, 0.182]"
105559,"[9, 0.449, 0.347, 0.927, 0.388, 0.121, 3, 0.435, 0.489, 0.31, 0.371, 0.238, 6, 0.416, 0.459, 0.462, 0.275, 0.228, 3, 0.338, 0.429, 0.284, 0.232, 0.133, 9, 0.26, 0.179, 0.939, 0.167, 0.123]"
58237,"[4, 0.997, 0.469, 0.677, 0.317, 0.448, 2, 0.936, 0.485, 0.346, 0.378, 0.307, 3, 0.788, 0.497, 0.362, 0.162, 0.214, 9, 0.751, 0.495, 0.937, 0.17, 0.126, 3, 0.332, 0.429, 0.347, 0.255, 0.263]"
138251,"[3, 0.881, 0.495, 0.263, 0.239, 0.205, 6, 0.872, 0.521, 0.447, 0.284, 0.197, 5, 0.691, 0.52, 0.449, 0.289, 0.202]"
141859,"[7, 0.985, 0.52, 0.433, 0.3, 0.42, 9, 0.48, 0.49, 0.924, 0.151, 0.054, 9, 0.345, 0.491, 0.913, 0.156, 0.072, 8, 0.27, 0.357, 0.604, 0.101, 0.142]"
178131,"[7, 0.96, 0.492, 0.424, 0.301, 0.399, 2, 0.507, 0.504, 0.399, 0.323, 0.361, 9, 0.433, 0.496, 0.887, 0.135, 0.089, 3, 0.305, 0.47, 0.341, 0.194, 0.226]"
107473,"[4, 0.997, 0.597, 0.668, 0.255, 0.404, 2, 0.681, 0.598, 0.383, 0.321, 0.319, 9, 0.313, 0.608, 0.912, 0.091, 0.075, 4, 0.266, 0.55, 0.666, 0.346, 0.432]"
153638,"[4, 0.991, 0.499, 0.672, 0.299, 0.451, 8, 0.891, 0.674, 0.695, 0.311, 0.262, 9, 0.603, 0.465, 0.927, 0.161, 0.111, 3, 0.518, 0.508, 0.356, 0.391, 0.302, 2, 0.389, 0.51, 0.361, 0.392, 0.307, 3, 0.329, 0.535, 0.342, 0.307, 0.262, 5, 0.262, 0.505, 0.496, 0.274, 0.103]"
135831,"[5, 0.937, 0.51, 0.478, 0.291, 0.123, 3, 0.667, 0.535, 0.312, 0.471, 0.271, 9, 0.541, 0.382, 0.944, 0.236, 0.064, 3, 0.433, 0.508, 0.306, 0.289, 0.255]"
55306,"[3, 0.514, 0.543, 0.316, 0.161, 0.137, 9, 0.513, 0.534, 0.917, 0.183, 0.091, 6, 0.39, 0.55, 0.477, 0.22, 0.198, 2, 0.363, 0.46, 0.347, 0.402, 0.314]"
74793,"[3, 0.647, 0.369, 0.322, 0.401, 0.269, 6, 0.625, 0.448, 0.552, 0.33, 0.273, 9, 0.537, 0.456, 0.941, 0.194, 0.116, 2, 0.475, 0.37, 0.331, 0.407, 0.287, 5, 0.42, 0.451, 0.553, 0.334, 0.284, 3, 0.382, 0.404, 0.327, 0.286, 0.221, 9, 0.303, 0.458, 0.964, 0.194, 0.072, 9, 0.277, 0.461, 0.975, 0.191, 0.05]"
119534,"[3, 0.703, 0.495, 0.339, 0.35, 0.238, 9, 0.61, 0.537, 0.89, 0.156, 0.099, 6, 0.608, 0.486, 0.48, 0.303, 0.209, 4, 0.605, 0.484, 0.631, 0.289, 0.441, 4, 0.539, 0.499, 0.71, 0.256, 0.3, 3, 0.403, 0.526, 0.332, 0.303, 0.196, 8, 0.309, 0.728, 0.562, 0.218, 0.188]"
151212,"[2, 0.944, 0.475, 0.319, 0.424, 0.307, 8, 0.89, 0.644, 0.667, 0.22, 0.251, 6, 0.765, 0.455, 0.523, 0.354, 0.319, 9, 0.73, 0.496, 0.907, 0.198, 0.138]"
190830,"[2, 0.75, 0.495, 0.434, 0.443, 0.427, 3, 0.733, 0.515, 0.318, 0.144, 0.182, 9, 0.698, 0.47, 0.881, 0.152, 0.118, 2, 0.36, 0.523, 0.367, 0.178, 0.286, 2, 0.359, 0.514, 0.437, 0.272, 0.433]"
167223,"[3, 0.737, 0.593, 0.293, 0.417, 0.252, 5, 0.566, 0.579, 0.488, 0.276, 0.178, 9, 0.494, 0.515, 0.925, 0.123, 0.134, 6, 0.487, 0.564, 0.491, 0.323, 0.176, 3, 0.403, 0.574, 0.299, 0.296, 0.243]"
162015,"[9, 0.613, 0.537, 0.909, 0.161, 0.107, 2, 0.447, 0.524, 0.395, 0.351, 0.303]"
19529,"[6, 0.608, 0.416, 0.461, 0.24, 0.159, 9, 0.5, 0.397, 0.878, 0.198, 0.148, 3, 0.346, 0.415, 0.321, 0.21, 0.154]"
50609,"[2, 0.974, 0.482, 0.449, 0.372, 0.372, 3, 0.673, 0.482, 0.378, 0.159, 0.112, 6, 0.378, 0.478, 0.578, 0.268, 0.293, 9, 0.372, 0.486, 0.927, 0.134, 0.055, 9, 0.366, 0.486, 0.907, 0.149, 0.093, 7, 0.252, 0.472, 0.575, 0.261, 0.301]"
117336,"[6, 0.783, 0.224, 0.528, 0.266, 0.232, 4, 0.628, 0.24, 0.745, 0.212, 0.248, 3, 0.543, 0.251, 0.375, 0.368, 0.255, 9, 0.434, 0.268, 0.903, 0.129, 0.135]"
174736,"[2, 0.838, 0.506, 0.472, 0.365, 0.371, 9, 0.696, 0.504, 0.916, 0.165, 0.105, 3, 0.466, 0.484, 0.5, 0.136, 0.297, 8, 0.258, 0.617, 0.574, 0.151, 0.151]"
90664,"[7, 0.92, 0.757, 0.52, 0.268, 0.319, 6, 0.366, 0.777, 0.539, 0.229, 0.286]"
2459,"[6, 0.887, 0.532, 0.508, 0.344, 0.241, 3, 0.754, 0.555, 0.312, 0.313, 0.2, 8, 0.67, 0.366, 0.622, 0.207, 0.151, 9, 0.605, 0.518, 0.93, 0.21, 0.106, 9, 0.506, 0.439, 0.919, 0.362, 0.13, 9, 0.353, 0.413, 0.896, 0.418, 0.186, 8, 0.263, 0.358, 0.708, 0.227, 0.352]"
185518,"[9, 0.845, 0.531, 0.888, 0.29, 0.155, 7, 0.518, 0.462, 0.435, 0.349, 0.495, 2, 0.424, 0.465, 0.435, 0.37, 0.509, 6, 0.326, 0.499, 0.669, 0.218, 0.124, 9, 0.278, 0.485, 0.877, 0.221, 0.138]"
144807,"[6, 0.811, 0.472, 0.573, 0.375, 0.268, 3, 0.732, 0.502, 0.405, 0.374, 0.267, 8, 0.666, 0.255, 0.786, 0.366, 0.366, 3, 0.463, 0.486, 0.376, 0.355, 0.202, 9, 0.394, 0.513, 0.965, 0.404, 0.071]"
93855,"[6, 0.703, 0.466, 0.457, 0.334, 0.231, 3, 0.555, 0.461, 0.269, 0.511, 0.23, 8, 0.546, 0.7, 0.796, 0.327, 0.207, 9, 0.513, 0.456, 0.898, 0.192, 0.078, 4, 0.464, 0.455, 0.71, 0.219, 0.339]"
123850,"[7, 0.974, 0.46, 0.418, 0.356, 0.391, 9, 0.584, 0.468, 0.936, 0.13, 0.121]"
9527,"[7, 0.918, 0.476, 0.452, 0.317, 0.337, 9, 0.562, 0.498, 0.909, 0.128, 0.102, 6, 0.282, 0.477, 0.467, 0.323, 0.31]"
34074,"[7, 0.929, 0.505, 0.461, 0.322, 0.417]"
2152,"[6, 0.867, 0.512, 0.41, 0.245, 0.165, 9, 0.703, 0.516, 0.714, 0.126, 0.093, 3, 0.551, 0.526, 0.294, 0.301, 0.164, 3, 0.521, 0.532, 0.283, 0.214, 0.115]"
187154,"[8, 0.837, 0.679, 0.725, 0.262, 0.325, 3, 0.491, 0.509, 0.412, 0.461, 0.393, 3, 0.354, 0.476, 0.224, 0.272, 0.176, 8, 0.31, 0.691, 0.746, 0.222, 0.267, 9, 0.3, 0.471, 0.903, 0.12, 0.165, 7, 0.262, 0.504, 0.377, 0.475, 0.467]"
31643,"[2, 0.804, 0.508, 0.328, 0.349, 0.288, 6, 0.662, 0.499, 0.633, 0.369, 0.472, 9, 0.593, 0.512, 0.899, 0.114, 0.114, 4, 0.325, 0.502, 0.64, 0.362, 0.481]"
119650,"[6, 0.787, 0.535, 0.637, 0.367, 0.467, 3, 0.699, 0.504, 0.315, 0.303, 0.203, 7, 0.577, 0.536, 0.635, 0.362, 0.465, 9, 0.466, 0.503, 0.912, 0.146, 0.099, 8, 0.26, 0.345, 0.522, 0.085, 0.091]"
2128,"[2, 0.945, 0.459, 0.385, 0.361, 0.314, 9, 0.746, 0.429, 0.876, 0.181, 0.099, 9, 0.416, 0.435, 0.837, 0.189, 0.179, 7, 0.279, 0.459, 0.398, 0.327, 0.322, 3, 0.257, 0.45, 0.34, 0.089, 0.079]"
183186,"[6, 0.879, 0.503, 0.533, 0.307, 0.285, 3, 0.671, 0.499, 0.29, 0.317, 0.201, 4, 0.392, 0.494, 0.799, 0.195, 0.272, 9, 0.347, 0.48, 0.898, 0.142, 0.112]"
27261,"[2, 0.966, 0.57, 0.304, 0.388, 0.369, 3, 0.679, 0.546, 0.315, 0.153, 0.176, 9, 0.655, 0.562, 0.902, 0.208, 0.137, 4, 0.379, 0.556, 0.565, 0.307, 0.332, 4, 0.378, 0.555, 0.632, 0.292, 0.443]"
42671,"[6, 0.672, 0.501, 0.423, 0.311, 0.24, 3, 0.632, 0.457, 0.25, 0.312, 0.181, 4, 0.51, 0.298, 0.63, 0.21, 0.353, 9, 0.361, 0.504, 0.904, 0.211, 0.14, 9, 0.314, 0.546, 0.898, 0.129, 0.136, 9, 0.276, 0.42, 0.901, 0.375, 0.149]"
39606,"[6, 0.928, 0.483, 0.487, 0.245, 0.221, 2, 0.868, 0.526, 0.337, 0.376, 0.291, 9, 0.865, 0.467, 0.927, 0.24, 0.114, 8, 0.638, 0.665, 0.514, 0.209, 0.168, 6, 0.253, 0.561, 0.493, 0.402, 0.231]"
161254,"[6, 0.938, 0.462, 0.511, 0.342, 0.312, 9, 0.758, 0.454, 0.913, 0.169, 0.135, 3, 0.56, 0.482, 0.273, 0.264, 0.199, 8, 0.379, 0.649, 0.573, 0.17, 0.149]"
62712,"[3, 0.795, 0.479, 0.351, 0.401, 0.235, 9, 0.738, 0.493, 0.883, 0.169, 0.123, 5, 0.452, 0.487, 0.535, 0.3, 0.196, 6, 0.435, 0.48, 0.536, 0.312, 0.195]"
8666,"[7, 0.935, 0.527, 0.468, 0.274, 0.433, 9, 0.861, 0.472, 0.915, 0.139, 0.117, 8, 0.328, 0.37, 0.582, 0.077, 0.145]"
137635,"[4, 0.99, 0.559, 0.681, 0.334, 0.401, 8, 0.669, 0.441, 0.673, 0.171, 0.287, 3, 0.659, 0.557, 0.364, 0.371, 0.304, 9, 0.423, 0.634, 0.873, 0.174, 0.187, 2, 0.268, 0.563, 0.359, 0.383, 0.304]"
66774,"[3, 0.924, 0.586, 0.391, 0.196, 0.182, 5, 0.829, 0.605, 0.551, 0.286, 0.166, 6, 0.662, 0.606, 0.55, 0.29, 0.158, 9, 0.489, 0.611, 0.901, 0.164, 0.123, 2, 0.345, 0.564, 0.372, 0.375, 0.312]"
143151,"[6, 0.742, 0.358, 0.599, 0.37, 0.398, 3, 0.277, 0.374, 0.336, 0.229, 0.138]"
21479,"[7, 0.794, 0.542, 0.373, 0.357, 0.365, 8, 0.719, 0.333, 0.437, 0.173, 0.187, 9, 0.65, 0.44, 0.928, 0.225, 0.133]"
182161,"[6, 0.398, 0.648, 0.597, 0.464, 0.252]"
81888,"[8, 0.899, 0.339, 0.674, 0.149, 0.305, 6, 0.842, 0.495, 0.546, 0.345, 0.256, 9, 0.823, 0.472, 0.884, 0.19, 0.083, 3, 0.815, 0.49, 0.358, 0.21, 0.161, 9, 0.464, 0.435, 0.886, 0.244, 0.091, 3, 0.296, 0.487, 0.357, 0.295, 0.167]"
181429,"[7, 0.961, 0.453, 0.427, 0.296, 0.431, 4, 0.626, 0.459, 0.766, 0.218, 0.285]"
185303,"[4, 0.824, 0.631, 0.736, 0.211, 0.263, 7, 0.629, 0.611, 0.417, 0.352, 0.461, 9, 0.606, 0.663, 0.902, 0.162, 0.113, 4, 0.417, 0.625, 0.703, 0.248, 0.334, 2, 0.304, 0.604, 0.416, 0.349, 0.473]"
108854,"[3, 0.672, 0.55, 0.279, 0.457, 0.23, 9, 0.605, 0.481, 0.907, 0.318, 0.148, 5, 0.418, 0.516, 0.471, 0.299, 0.185, 6, 0.284, 0.517, 0.473, 0.311, 0.186, 3, 0.28, 0.489, 0.283, 0.314, 0.21]"
5731,"[8, 0.855, 0.432, 0.481, 0.228, 0.194, 9, 0.643, 0.509, 0.899, 0.145, 0.12, 6, 0.554, 0.575, 0.452, 0.255, 0.227, 8, 0.39, 0.464, 0.477, 0.164, 0.183, 3, 0.258, 0.552, 0.286, 0.32, 0.23]"
44197,"[6, 0.832, 0.462, 0.453, 0.293, 0.181, 5, 0.731, 0.462, 0.45, 0.292, 0.193, 3, 0.604, 0.397, 0.257, 0.46, 0.237, 9, 0.508, 0.408, 0.925, 0.202, 0.086]"
185406,"[2, 0.962, 0.505, 0.382, 0.404, 0.439, 9, 0.485, 0.552, 0.9, 0.177, 0.16, 4, 0.305, 0.527, 0.684, 0.267, 0.329, 3, 0.28, 0.53, 0.413, 0.156, 0.271]"
186580,"[8, 0.81, 0.407, 0.573, 0.128, 0.181, 7, 0.76, 0.57, 0.362, 0.26, 0.321, 9, 0.748, 0.486, 0.891, 0.229, 0.193, 3, 0.295, 0.57, 0.366, 0.259, 0.306]"
122869,"[5, 0.824, 0.578, 0.485, 0.246, 0.109, 8, 0.745, 0.444, 0.603, 0.163, 0.294, 2, 0.677, 0.613, 0.312, 0.316, 0.269, 3, 0.606, 0.593, 0.342, 0.219, 0.222, 8, 0.511, 0.452, 0.648, 0.146, 0.202, 9, 0.38, 0.567, 0.808, 0.177, 0.105, 9, 0.309, 0.566, 0.787, 0.161, 0.086]"
34281,"[4, 0.984, 0.478, 0.646, 0.246, 0.435, 2, 0.923, 0.523, 0.389, 0.475, 0.449, 9, 0.687, 0.558, 0.903, 0.204, 0.154]"
172347,"[9, 0.523, 0.549, 0.832, 0.169, 0.073, 7, 0.349, 0.503, 0.376, 0.327, 0.385]"
138546,"[8, 0.939, 0.3, 0.68, 0.161, 0.275, 6, 0.783, 0.465, 0.549, 0.307, 0.164, 3, 0.755, 0.472, 0.291, 0.24, 0.169, 9, 0.68, 0.461, 0.914, 0.132, 0.12, 3, 0.331, 0.479, 0.307, 0.302, 0.19]"
115477,"[6, 0.466, 0.486, 0.632, 0.405, 0.519, 6, 0.325, 0.484, 0.549, 0.401, 0.354, 7, 0.265, 0.486, 0.564, 0.37, 0.663]"
3085,"[6, 0.898, 0.445, 0.52, 0.239, 0.184, 3, 0.827, 0.47, 0.36, 0.359, 0.175, 9, 0.393, 0.438, 0.907, 0.156, 0.085]"
8805,"[2, 0.895, 0.462, 0.433, 0.508, 0.424, 8, 0.596, 0.273, 0.755, 0.202, 0.324, 9, 0.448, 0.445, 0.953, 0.207, 0.092, 7, 0.269, 0.45, 0.479, 0.485, 0.485]"
69658,"[2, 0.804, 0.501, 0.354, 0.394, 0.372, 9, 0.643, 0.491, 0.915, 0.19, 0.147, 3, 0.306, 0.501, 0.322, 0.178, 0.206, 1, 0.251, 0.521, 0.077, 0.175, 0.077]"
192906,"[6, 0.945, 0.559, 0.506, 0.309, 0.235, 3, 0.536, 0.555, 0.314, 0.281, 0.186, 9, 0.352, 0.517, 0.873, 0.158, 0.121, 3, 0.352, 0.565, 0.318, 0.215, 0.16, 8, 0.312, 0.67, 0.731, 0.147, 0.149]"
42653,"[4, 0.965, 0.535, 0.657, 0.322, 0.451, 3, 0.699, 0.528, 0.306, 0.312, 0.278, 8, 0.655, 0.617, 0.675, 0.273, 0.256, 9, 0.566, 0.517, 0.901, 0.178, 0.089, 5, 0.566, 0.525, 0.537, 0.292, 0.231, 8, 0.436, 0.647, 0.693, 0.208, 0.211]"
43053,"[4, 0.988, 0.523, 0.674, 0.239, 0.367, 8, 0.888, 0.401, 0.717, 0.118, 0.216, 2, 0.822, 0.518, 0.392, 0.295, 0.264, 3, 0.756, 0.533, 0.396, 0.15, 0.214]"
14606,"[6, 0.772, 0.447, 0.613, 0.281, 0.17, 9, 0.697, 0.448, 0.922, 0.268, 0.096, 3, 0.678, 0.435, 0.468, 0.163, 0.121]"
18650,"[5, 0.907, 0.491, 0.509, 0.294, 0.143, 3, 0.71, 0.569, 0.337, 0.441, 0.263, 9, 0.371, 0.493, 0.938, 0.189, 0.124, 9, 0.27, 0.447, 0.938, 0.283, 0.124]"
12459,"[2, 0.836, 0.495, 0.3, 0.342, 0.248, 9, 0.717, 0.504, 0.912, 0.154, 0.109, 6, 0.604, 0.484, 0.441, 0.211, 0.194, 8, 0.305, 0.347, 0.604, 0.165, 0.222, 8, 0.251, 0.644, 0.452, 0.107, 0.118]"
69445,"[9, 0.934, 0.591, 0.927, 0.234, 0.133, 7, 0.911, 0.514, 0.382, 0.376, 0.467]"
80060,"[7, 0.926, 0.481, 0.41, 0.314, 0.371, 9, 0.573, 0.466, 0.822, 0.246, 0.125, 2, 0.499, 0.484, 0.409, 0.341, 0.376, 2, 0.305, 0.49, 0.331, 0.333, 0.227]"
96397,"[6, 0.877, 0.499, 0.495, 0.469, 0.286, 3, 0.808, 0.507, 0.282, 0.426, 0.191, 9, 0.67, 0.427, 0.927, 0.238, 0.103, 9, 0.41, 0.424, 0.946, 0.236, 0.074, 7, 0.269, 0.496, 0.401, 0.464, 0.44]"
175084,"[3, 0.778, 0.549, 0.302, 0.375, 0.244, 6, 0.728, 0.476, 0.44, 0.276, 0.254, 9, 0.7, 0.461, 0.926, 0.146, 0.111]"
58415,"[9, 0.698, 0.549, 0.908, 0.23, 0.143, 2, 0.689, 0.511, 0.309, 0.431, 0.338, 4, 0.668, 0.468, 0.629, 0.305, 0.442, 9, 0.604, 0.539, 0.927, 0.218, 0.106]"
190656,"[9, 0.877, 0.444, 0.94, 0.182, 0.106, 2, 0.816, 0.523, 0.315, 0.536, 0.325, 8, 0.775, 0.244, 0.504, 0.23, 0.306, 5, 0.703, 0.45, 0.496, 0.298, 0.202, 6, 0.648, 0.446, 0.496, 0.318, 0.209, 3, 0.525, 0.518, 0.317, 0.522, 0.32, 3, 0.359, 0.462, 0.323, 0.286, 0.3]"
98965,"[2, 0.861, 0.491, 0.408, 0.325, 0.29, 8, 0.647, 0.54, 0.544, 0.324, 0.129, 9, 0.645, 0.496, 0.905, 0.127, 0.093, 3, 0.606, 0.503, 0.407, 0.137, 0.217, 5, 0.581, 0.483, 0.556, 0.23, 0.11, 4, 0.522, 0.479, 0.744, 0.192, 0.321, 8, 0.43, 0.633, 0.541, 0.131, 0.124, 3, 0.292, 0.59, 0.394, 0.113, 0.226, 5, 0.254, 0.531, 0.547, 0.321, 0.13]"
44137,"[6, 0.982, 0.52, 0.464, 0.29, 0.157, 5, 0.914, 0.523, 0.466, 0.285, 0.158, 3, 0.676, 0.498, 0.292, 0.158, 0.212, 9, 0.619, 0.497, 0.914, 0.144, 0.112, 3, 0.334, 0.52, 0.284, 0.281, 0.231, 2, 0.284, 0.52, 0.288, 0.277, 0.232]"
2979,"[2, 0.707, 0.513, 0.415, 0.342, 0.391, 3, 0.342, 0.494, 0.311, 0.178, 0.166]"
127704,"[6, 0.93, 0.546, 0.524, 0.223, 0.159, 2, 0.682, 0.529, 0.433, 0.322, 0.273]"
40471,"[3, 0.731, 0.488, 0.285, 0.358, 0.206, 6, 0.702, 0.529, 0.483, 0.278, 0.23, 8, 0.591, 0.712, 0.511, 0.174, 0.17, 9, 0.377, 0.545, 0.92, 0.131, 0.103]"
167720,"[6, 0.877, 0.443, 0.514, 0.356, 0.246, 3, 0.691, 0.488, 0.323, 0.232, 0.184, 3, 0.55, 0.526, 0.355, 0.328, 0.257, 9, 0.382, 0.474, 0.909, 0.137, 0.127, 2, 0.262, 0.529, 0.356, 0.335, 0.257]"
33489,"[7, 0.825, 0.477, 0.415, 0.3, 0.354, 9, 0.701, 0.57, 0.914, 0.204, 0.133]"
86159,"[9, 0.572, 0.349, 0.914, 0.293, 0.13, 6, 0.474, 0.334, 0.482, 0.291, 0.188, 7, 0.306, 0.34, 0.403, 0.32, 0.344]"
165177,"[8, 0.785, 0.659, 0.589, 0.217, 0.154, 9, 0.699, 0.581, 0.881, 0.28, 0.201, 8, 0.626, 0.583, 0.882, 0.281, 0.193, 7, 0.574, 0.54, 0.381, 0.291, 0.354, 2, 0.33, 0.541, 0.372, 0.3, 0.345]"
118849,"[9, 0.751, 0.456, 0.914, 0.2, 0.067, 9, 0.559, 0.457, 0.897, 0.206, 0.099, 3, 0.534, 0.477, 0.408, 0.167, 0.202, 8, 0.502, 0.653, 0.626, 0.244, 0.16, 6, 0.311, 0.442, 0.595, 0.297, 0.208, 2, 0.31, 0.477, 0.415, 0.27, 0.259, 8, 0.261, 0.867, 0.876, 0.266, 0.216]"
60221,"[9, 0.678, 0.691, 0.904, 0.212, 0.104, 2, 0.667, 0.716, 0.362, 0.279, 0.35, 6, 0.271, 0.664, 0.538, 0.19, 0.233]"
18885,"[6, 0.722, 0.508, 0.438, 0.226, 0.156, 9, 0.703, 0.562, 0.907, 0.186, 0.129, 3, 0.688, 0.513, 0.283, 0.324, 0.189, 5, 0.318, 0.508, 0.442, 0.231, 0.155]"
44737,"[9, 0.55, 0.34, 0.942, 0.152, 0.072, 6, 0.434, 0.341, 0.539, 0.295, 0.184, 3, 0.332, 0.349, 0.371, 0.375, 0.326, 2, 0.301, 0.351, 0.37, 0.378, 0.326, 7, 0.266, 0.346, 0.421, 0.361, 0.414]"
85115,"[2, 0.882, 0.42, 0.34, 0.376, 0.296, 7, 0.732, 0.444, 0.408, 0.288, 0.403, 9, 0.659, 0.414, 0.904, 0.194, 0.094, 8, 0.519, 0.253, 0.546, 0.205, 0.164, 2, 0.308, 0.415, 0.405, 0.373, 0.408, 7, 0.303, 0.39, 0.407, 0.415, 0.416]"
33441,"[6, 0.981, 0.51, 0.471, 0.251, 0.176, 3, 0.697, 0.473, 0.327, 0.389, 0.319, 3, 0.557, 0.485, 0.303, 0.348, 0.248, 2, 0.462, 0.477, 0.322, 0.426, 0.331, 9, 0.454, 0.501, 0.935, 0.136, 0.066, 5, 0.454, 0.509, 0.47, 0.252, 0.177, 9, 0.328, 0.501, 0.917, 0.148, 0.104]"
98986,"[2, 0.707, 0.4, 0.366, 0.433, 0.494, 7, 0.366, 0.408, 0.359, 0.428, 0.489]"
193786,"[6, 0.828, 0.478, 0.507, 0.297, 0.198, 9, 0.61, 0.541, 0.847, 0.191, 0.164, 3, 0.6, 0.471, 0.312, 0.365, 0.238, 2, 0.421, 0.472, 0.308, 0.358, 0.24]"
111964,"[6, 0.766, 0.555, 0.553, 0.244, 0.153, 5, 0.756, 0.548, 0.553, 0.248, 0.158, 8, 0.604, 0.363, 0.513, 0.166, 0.205, 9, 0.602, 0.511, 0.939, 0.112, 0.116, 3, 0.524, 0.558, 0.399, 0.221, 0.211, 2, 0.449, 0.516, 0.398, 0.317, 0.3, 8, 0.267, 0.447, 0.535, 0.093, 0.096, 3, 0.261, 0.519, 0.406, 0.145, 0.181]"
42,"[6, 0.944, 0.365, 0.488, 0.248, 0.129, 5, 0.743, 0.363, 0.49, 0.246, 0.129, 3, 0.521, 0.349, 0.327, 0.325, 0.292, 9, 0.305, 0.351, 0.908, 0.132, 0.138, 2, 0.296, 0.347, 0.324, 0.331, 0.289]"
19689,"[6, 0.936, 0.484, 0.512, 0.318, 0.214, 3, 0.825, 0.484, 0.317, 0.342, 0.193, 9, 0.395, 0.465, 0.887, 0.114, 0.136, 8, 0.377, 0.624, 0.489, 0.097, 0.102, 3, 0.312, 0.509, 0.319, 0.235, 0.201]"
34066,"[6, 0.907, 0.406, 0.549, 0.367, 0.284, 8, 0.619, 0.242, 0.488, 0.142, 0.125, 9, 0.505, 0.326, 0.857, 0.18, 0.115, 8, 0.289, 0.256, 0.477, 0.167, 0.15]"
182146,"[3, 0.925, 0.449, 0.389, 0.203, 0.16, 6, 0.657, 0.456, 0.535, 0.215, 0.178, 9, 0.657, 0.456, 0.888, 0.189, 0.121, 8, 0.402, 0.309, 0.57, 0.098, 0.105]"
449,"[8, 0.669, 0.398, 0.655, 0.251, 0.173, 3, 0.668, 0.506, 0.366, 0.32, 0.322, 9, 0.504, 0.518, 0.912, 0.305, 0.146, 3, 0.371, 0.542, 0.386, 0.254, 0.282, 5, 0.314, 0.517, 0.565, 0.329, 0.107]"
44421,"[3, 0.854, 0.274, 0.294, 0.414, 0.229, 5, 0.761, 0.303, 0.48, 0.313, 0.185, 6, 0.661, 0.309, 0.478, 0.336, 0.182, 9, 0.559, 0.285, 0.958, 0.193, 0.08, 9, 0.487, 0.293, 0.975, 0.186, 0.05, 8, 0.315, 0.469, 0.534, 0.12, 0.088]"
7502,"[9, 0.864, 0.478, 0.916, 0.266, 0.117, 6, 0.683, 0.51, 0.49, 0.282, 0.224, 3, 0.655, 0.582, 0.32, 0.318, 0.202]"
92467,"[2, 0.938, 0.446, 0.327, 0.412, 0.342, 7, 0.916, 0.478, 0.42, 0.351, 0.367, 9, 0.444, 0.501, 0.914, 0.151, 0.096, 8, 0.342, 0.317, 0.586, 0.17, 0.125]"
161917,"[6, 0.882, 0.584, 0.486, 0.462, 0.277, 8, 0.608, 0.199, 0.586, 0.153, 0.168, 3, 0.569, 0.506, 0.259, 0.226, 0.196, 8, 0.364, 0.623, 0.482, 0.396, 0.271]"
142573,"[6, 0.813, 0.371, 0.511, 0.373, 0.252, 9, 0.812, 0.348, 0.922, 0.263, 0.154]"
60266,"[7, 0.75, 0.426, 0.363, 0.329, 0.444, 6, 0.627, 0.433, 0.467, 0.315, 0.223, 9, 0.53, 0.423, 0.929, 0.155, 0.128, 8, 0.259, 0.659, 0.514, 0.157, 0.133]"
8205,"[7, 0.608, 0.41, 0.433, 0.413, 0.482, 8, 0.483, 0.253, 0.505, 0.235, 0.31, 6, 0.396, 0.408, 0.553, 0.368, 0.23, 9, 0.338, 0.397, 0.92, 0.26, 0.15, 9, 0.284, 0.413, 0.951, 0.228, 0.09]"
116947,"[6, 0.842, 0.261, 0.535, 0.323, 0.215, 3, 0.602, 0.278, 0.333, 0.406, 0.207, 3, 0.365, 0.288, 0.335, 0.291, 0.194, 9, 0.334, 0.281, 0.928, 0.127, 0.053]"
40023,"[4, 0.943, 0.535, 0.576, 0.31, 0.473, 9, 0.444, 0.53, 0.909, 0.099, 0.085, 7, 0.439, 0.532, 0.518, 0.323, 0.635, 2, 0.357, 0.532, 0.364, 0.327, 0.345, 9, 0.258, 0.528, 0.882, 0.111, 0.13]"
152726,"[4, 0.977, 0.256, 0.721, 0.23, 0.321, 9, 0.692, 0.267, 0.914, 0.16, 0.094, 2, 0.447, 0.294, 0.485, 0.355, 0.264, 8, 0.387, 0.426, 0.613, 0.177, 0.082, 3, 0.293, 0.251, 0.473, 0.212, 0.206]"
134101,"[2, 0.843, 0.497, 0.312, 0.379, 0.313, 6, 0.812, 0.498, 0.479, 0.305, 0.249, 9, 0.381, 0.473, 0.894, 0.127, 0.129, 3, 0.377, 0.582, 0.321, 0.194, 0.271]"
9083,"[3, 0.817, 0.51, 0.315, 0.151, 0.157, 2, 0.742, 0.487, 0.33, 0.305, 0.211, 6, 0.735, 0.515, 0.531, 0.263, 0.222, 9, 0.53, 0.482, 0.896, 0.194, 0.11, 9, 0.295, 0.494, 0.906, 0.163, 0.093]"
190772,"[2, 0.936, 0.38, 0.319, 0.363, 0.296, 4, 0.932, 0.387, 0.642, 0.326, 0.417, 4, 0.769, 0.499, 0.647, 0.556, 0.419, 3, 0.638, 0.403, 0.312, 0.113, 0.264, 9, 0.27, 0.382, 0.866, 0.139, 0.115]"
167653,"[8, 0.845, 0.354, 0.636, 0.188, 0.327, 2, 0.633, 0.565, 0.294, 0.404, 0.254, 9, 0.569, 0.512, 0.842, 0.219, 0.096, 6, 0.395, 0.537, 0.48, 0.35, 0.33, 7, 0.308, 0.543, 0.402, 0.369, 0.473]"
18136,"[7, 0.931, 0.514, 0.403, 0.375, 0.403, 9, 0.75, 0.426, 0.904, 0.169, 0.088]"
166717,"[3, 0.881, 0.479, 0.377, 0.153, 0.223, 2, 0.811, 0.516, 0.389, 0.372, 0.348, 9, 0.618, 0.532, 0.915, 0.28, 0.157]"
128343,"[4, 0.999, 0.62, 0.664, 0.316, 0.471, 2, 0.861, 0.609, 0.317, 0.374, 0.328, 8, 0.578, 0.447, 0.71, 0.23, 0.322, 9, 0.474, 0.588, 0.921, 0.203, 0.089, 3, 0.312, 0.623, 0.396, 0.118, 0.116]"
130027,"[5, 0.722, 0.532, 0.544, 0.287, 0.132, 3, 0.563, 0.562, 0.368, 0.298, 0.283, 9, 0.413, 0.531, 0.825, 0.165, 0.111, 6, 0.344, 0.539, 0.544, 0.309, 0.14, 9, 0.257, 0.534, 0.841, 0.158, 0.081]"
113476,"[5, 0.709, 0.453, 0.539, 0.351, 0.168, 6, 0.7, 0.452, 0.545, 0.361, 0.158, 3, 0.614, 0.465, 0.404, 0.251, 0.155, 9, 0.533, 0.397, 0.874, 0.244, 0.108, 3, 0.396, 0.438, 0.273, 0.221, 0.158, 9, 0.369, 0.397, 0.901, 0.245, 0.1, 3, 0.278, 0.458, 0.344, 0.284, 0.293]"
67891,"[3, 0.533, 0.382, 0.428, 0.34, 0.308, 9, 0.393, 0.373, 0.9, 0.086, 0.108]"
181777,"[2, 0.905, 0.483, 0.359, 0.419, 0.301, 9, 0.772, 0.419, 0.933, 0.162, 0.113, 6, 0.496, 0.509, 0.597, 0.457, 0.383, 9, 0.4, 0.421, 0.949, 0.164, 0.086, 7, 0.264, 0.487, 0.461, 0.44, 0.481]"
108640,"[4, 0.852, 0.517, 0.615, 0.347, 0.538, 8, 0.718, 0.372, 0.679, 0.208, 0.332, 6, 0.44, 0.514, 0.621, 0.349, 0.549, 3, 0.295, 0.504, 0.26, 0.251, 0.185, 9, 0.276, 0.485, 0.926, 0.116, 0.105]"
79060,"[6, 0.876, 0.541, 0.528, 0.296, 0.222, 7, 0.473, 0.539, 0.46, 0.293, 0.359, 9, 0.439, 0.531, 0.893, 0.106, 0.08]"
116495,"[6, 0.53, 0.677, 0.495, 0.301, 0.234, 3, 0.505, 0.698, 0.261, 0.368, 0.267, 3, 0.35, 0.713, 0.301, 0.325, 0.181]"
17405,"[4, 0.979, 0.496, 0.625, 0.215, 0.302, 9, 0.403, 0.52, 0.829, 0.141, 0.066, 9, 0.368, 0.519, 0.811, 0.15, 0.102, 3, 0.285, 0.489, 0.368, 0.215, 0.238, 2, 0.274, 0.478, 0.361, 0.267, 0.264]"
20526,"[4, 0.648, 0.464, 0.742, 0.263, 0.436, 8, 0.63, 0.428, 0.54, 0.289, 0.199, 3, 0.415, 0.568, 0.354, 0.222, 0.175, 8, 0.401, 0.431, 0.481, 0.297, 0.296]"
58253,"[8, 0.87, 0.637, 0.736, 0.155, 0.251, 8, 0.624, 0.632, 0.683, 0.161, 0.353, 3, 0.473, 0.49, 0.35, 0.253, 0.271, 7, 0.326, 0.504, 0.354, 0.303, 0.273]"
45639,"[7, 0.852, 0.619, 0.536, 0.332, 0.369, 6, 0.612, 0.62, 0.543, 0.336, 0.36, 9, 0.443, 0.585, 0.916, 0.205, 0.117, 2, 0.443, 0.578, 0.434, 0.43, 0.417, 7, 0.425, 0.62, 0.49, 0.38, 0.445]"
185581,"[4, 0.969, 0.464, 0.658, 0.292, 0.387, 4, 0.937, 0.463, 0.553, 0.292, 0.595, 9, 0.69, 0.466, 0.907, 0.261, 0.113, 7, 0.671, 0.452, 0.528, 0.313, 0.644, 8, 0.626, 0.627, 0.469, 0.15, 0.132]"
115659,"[3, 0.815, 0.479, 0.298, 0.348, 0.242, 9, 0.734, 0.42, 0.921, 0.151, 0.135, 8, 0.45, 0.264, 0.617, 0.201, 0.285, 6, 0.409, 0.454, 0.494, 0.252, 0.262, 8, 0.289, 0.234, 0.613, 0.269, 0.32]"
120690,"[2, 0.979, 0.458, 0.335, 0.435, 0.374, 9, 0.744, 0.545, 0.925, 0.261, 0.129, 5, 0.321, 0.482, 0.47, 0.243, 0.13]"
170336,"[4, 0.965, 0.491, 0.676, 0.256, 0.422, 8, 0.642, 0.646, 0.815, 0.273, 0.262, 2, 0.565, 0.498, 0.352, 0.35, 0.316, 8, 0.439, 0.557, 0.825, 0.453, 0.239, 9, 0.406, 0.562, 0.883, 0.358, 0.131, 3, 0.366, 0.492, 0.409, 0.177, 0.128, 3, 0.278, 0.497, 0.359, 0.346, 0.316, 9, 0.27, 0.459, 0.895, 0.169, 0.111, 9, 0.252, 0.46, 0.912, 0.157, 0.078]"
52071,"[2, 0.822, 0.547, 0.419, 0.341, 0.253, 3, 0.699, 0.532, 0.42, 0.209, 0.236, 9, 0.687, 0.501, 0.848, 0.153, 0.079, 6, 0.603, 0.537, 0.563, 0.242, 0.114, 5, 0.6, 0.54, 0.565, 0.245, 0.114]"
83550,"[7, 0.902, 0.499, 0.442, 0.468, 0.422, 9, 0.552, 0.601, 0.909, 0.218, 0.167, 9, 0.312, 0.607, 0.931, 0.202, 0.13, 4, 0.286, 0.587, 0.807, 0.247, 0.371, 9, 0.282, 0.615, 0.97, 0.192, 0.06]"
86349,"[4, 0.908, 0.552, 0.683, 0.387, 0.58, 9, 0.373, 0.518, 0.917, 0.175, 0.148, 4, 0.308, 0.597, 0.803, 0.366, 0.369, 9, 0.292, 0.516, 0.858, 0.181, 0.26, 2, 0.286, 0.532, 0.439, 0.396, 0.549, 8, 0.269, 0.327, 0.671, 0.245, 0.204, 9, 0.266, 0.517, 0.946, 0.179, 0.098]"
15030,"[6, 0.964, 0.482, 0.546, 0.489, 0.363, 2, 0.863, 0.529, 0.335, 0.349, 0.321, 9, 0.745, 0.502, 0.893, 0.207, 0.13, 9, 0.632, 0.507, 0.912, 0.2, 0.092, 7, 0.307, 0.477, 0.463, 0.454, 0.542]"
105606,"[9, 0.797, 0.6, 0.914, 0.236, 0.133, 6, 0.744, 0.63, 0.529, 0.346, 0.261, 8, 0.607, 0.831, 0.457, 0.189, 0.229, 2, 0.518, 0.62, 0.358, 0.391, 0.339, 3, 0.287, 0.632, 0.332, 0.346, 0.284]"
138420,"[7, 0.947, 0.496, 0.445, 0.279, 0.429, 8, 0.929, 0.328, 0.657, 0.207, 0.155, 9, 0.698, 0.482, 0.912, 0.16, 0.144, 2, 0.279, 0.52, 0.435, 0.337, 0.437]"
64292,"[6, 0.558, 0.479, 0.455, 0.276, 0.188, 9, 0.445, 0.476, 0.898, 0.129, 0.169, 8, 0.255, 0.692, 0.511, 0.218, 0.229]"
187099,"[2, 0.846, 0.541, 0.374, 0.386, 0.314, 9, 0.631, 0.548, 0.915, 0.102, 0.133, 6, 0.616, 0.54, 0.535, 0.31, 0.164]"
44651,"[7, 0.496, 0.51, 0.444, 0.373, 0.437, 9, 0.348, 0.504, 0.903, 0.151, 0.06, 8, 0.3, 0.618, 0.479, 0.227, 0.133, 9, 0.297, 0.502, 0.912, 0.149, 0.053]"
1372,"[2, 0.964, 0.486, 0.326, 0.404, 0.343, 6, 0.733, 0.496, 0.471, 0.334, 0.184, 3, 0.657, 0.496, 0.331, 0.151, 0.114, 5, 0.624, 0.493, 0.471, 0.321, 0.184, 3, 0.442, 0.497, 0.275, 0.277, 0.241, 9, 0.323, 0.446, 0.888, 0.14, 0.182]"
70107,"[2, 0.69, 0.582, 0.41, 0.405, 0.244, 7, 0.517, 0.563, 0.493, 0.336, 0.405]"
67514,"[6, 0.883, 0.469, 0.5, 0.246, 0.276, 9, 0.688, 0.479, 0.908, 0.192, 0.136, 8, 0.529, 0.284, 0.465, 0.262, 0.276, 8, 0.526, 0.313, 0.482, 0.206, 0.239, 6, 0.517, 0.425, 0.497, 0.348, 0.28, 3, 0.458, 0.503, 0.287, 0.253, 0.194]"
21061,"[8, 0.939, 0.33, 0.686, 0.137, 0.152, 5, 0.677, 0.501, 0.53, 0.25, 0.129, 2, 0.626, 0.488, 0.393, 0.345, 0.35, 6, 0.259, 0.493, 0.528, 0.284, 0.121]"
56351,"[9, 0.874, 0.534, 0.902, 0.197, 0.114, 7, 0.564, 0.495, 0.511, 0.34, 0.635, 4, 0.301, 0.5, 0.578, 0.301, 0.49]"
27353,"[4, 0.994, 0.434, 0.653, 0.324, 0.446, 2, 0.891, 0.395, 0.318, 0.311, 0.297, 3, 0.849, 0.447, 0.309, 0.19, 0.26, 9, 0.584, 0.408, 0.918, 0.177, 0.115]"
105861,"[4, 0.996, 0.494, 0.66, 0.259, 0.383, 2, 0.704, 0.502, 0.339, 0.34, 0.308, 9, 0.683, 0.499, 0.911, 0.159, 0.146]"
66193,"[9, 0.819, 0.488, 0.906, 0.181, 0.1, 2, 0.736, 0.465, 0.354, 0.471, 0.296, 2, 0.708, 0.341, 0.347, 0.23, 0.275, 4, 0.682, 0.498, 0.691, 0.24, 0.342, 3, 0.494, 0.515, 0.38, 0.354, 0.308, 3, 0.4, 0.527, 0.346, 0.307, 0.227, 2, 0.265, 0.509, 0.378, 0.368, 0.317]"
169934,"[3, 0.811, 0.479, 0.295, 0.249, 0.172, 6, 0.793, 0.484, 0.483, 0.319, 0.243, 9, 0.696, 0.493, 0.9, 0.098, 0.087]"
10084,"[2, 0.895, 0.426, 0.289, 0.36, 0.234, 6, 0.774, 0.453, 0.466, 0.295, 0.158, 3, 0.571, 0.429, 0.307, 0.118, 0.182, 3, 0.515, 0.509, 0.292, 0.177, 0.217, 9, 0.49, 0.42, 0.91, 0.126, 0.122, 8, 0.297, 0.3, 0.488, 0.1, 0.105, 5, 0.25, 0.454, 0.463, 0.286, 0.166]"
38150,"[2, 0.915, 0.456, 0.381, 0.456, 0.363, 6, 0.753, 0.457, 0.511, 0.262, 0.178, 9, 0.535, 0.443, 0.915, 0.148, 0.078, 8, 0.432, 0.345, 0.474, 0.138, 0.131, 4, 0.382, 0.456, 0.753, 0.237, 0.345, 3, 0.268, 0.449, 0.34, 0.174, 0.154]"
49708,"[6, 0.844, 0.447, 0.486, 0.273, 0.184, 3, 0.793, 0.433, 0.304, 0.442, 0.207, 5, 0.499, 0.451, 0.485, 0.274, 0.197, 9, 0.495, 0.463, 0.878, 0.155, 0.119, 3, 0.371, 0.455, 0.299, 0.277, 0.2]"
187484,"[4, 0.995, 0.55, 0.638, 0.266, 0.439, 3, 0.627, 0.556, 0.349, 0.357, 0.219, 9, 0.595, 0.579, 0.92, 0.17, 0.152, 9, 0.537, 0.575, 0.89, 0.161, 0.098, 8, 0.263, 0.403, 0.601, 0.093, 0.158]"
3405,"[9, 0.696, 0.631, 0.914, 0.195, 0.121, 8, 0.487, 0.437, 0.548, 0.107, 0.175, 6, 0.346, 0.601, 0.588, 0.247, 0.141, 3, 0.312, 0.584, 0.388, 0.368, 0.311, 2, 0.301, 0.586, 0.388, 0.363, 0.31]"
97591,"[6, 0.797, 0.45, 0.464, 0.435, 0.21, 3, 0.773, 0.534, 0.269, 0.378, 0.196, 9, 0.385, 0.455, 0.939, 0.123, 0.068, 9, 0.362, 0.458, 0.9, 0.134, 0.144]"
176747,"[7, 0.985, 0.225, 0.445, 0.4, 0.525, 9, 0.861, 0.25, 0.906, 0.204, 0.135]"
147906,"[9, 0.717, 0.495, 0.954, 0.199, 0.087, 6, 0.716, 0.451, 0.511, 0.316, 0.32, 3, 0.442, 0.471, 0.275, 0.239, 0.181, 3, 0.273, 0.471, 0.272, 0.326, 0.191]"
51534,"[4, 0.982, 0.49, 0.629, 0.343, 0.44, 3, 0.77, 0.501, 0.286, 0.333, 0.219, 9, 0.611, 0.459, 0.943, 0.285, 0.097]"
1495,"[7, 0.782, 0.494, 0.35, 0.292, 0.378, 3, 0.465, 0.498, 0.28, 0.255, 0.25, 9, 0.411, 0.458, 0.896, 0.201, 0.178, 2, 0.354, 0.554, 0.257, 0.412, 0.228, 7, 0.316, 0.557, 0.342, 0.429, 0.384]"
118582,"[6, 0.93, 0.529, 0.521, 0.33, 0.244, 3, 0.495, 0.512, 0.319, 0.335, 0.144]"
150850,"[4, 0.758, 0.461, 0.573, 0.29, 0.414, 3, 0.701, 0.433, 0.284, 0.399, 0.205, 9, 0.47, 0.484, 0.921, 0.154, 0.129, 8, 0.462, 0.632, 0.636, 0.092, 0.182, 6, 0.396, 0.461, 0.574, 0.285, 0.417, 3, 0.265, 0.479, 0.29, 0.295, 0.178]"
113922,"[9, 0.54, 0.527, 0.917, 0.182, 0.101, 2, 0.466, 0.504, 0.354, 0.396, 0.322, 3, 0.395, 0.508, 0.361, 0.381, 0.328, 5, 0.316, 0.525, 0.509, 0.285, 0.08]"
104193,"[8, 0.932, 0.633, 0.693, 0.154, 0.187, 3, 0.831, 0.496, 0.355, 0.314, 0.186, 6, 0.71, 0.479, 0.536, 0.29, 0.228, 9, 0.269, 0.494, 0.925, 0.248, 0.145]"
2409,"[6, 0.792, 0.454, 0.559, 0.341, 0.205, 9, 0.398, 0.499, 0.914, 0.107, 0.087, 7, 0.305, 0.452, 0.524, 0.336, 0.282]"
175802,"[6, 0.934, 0.432, 0.507, 0.322, 0.263, 9, 0.806, 0.474, 0.956, 0.219, 0.085, 3, 0.403, 0.465, 0.28, 0.255, 0.198, 7, 0.273, 0.434, 0.406, 0.339, 0.448]"
105653,"[6, 0.728, 0.539, 0.505, 0.328, 0.223, 9, 0.582, 0.495, 0.88, 0.248, 0.083, 3, 0.485, 0.538, 0.346, 0.258, 0.126, 5, 0.333, 0.538, 0.508, 0.308, 0.219]"
37584,"[3, 0.712, 0.569, 0.291, 0.436, 0.245, 6, 0.666, 0.535, 0.494, 0.316, 0.211, 9, 0.653, 0.547, 0.916, 0.189, 0.147]"
58068,"[8, 0.697, 0.387, 0.718, 0.185, 0.158, 2, 0.66, 0.549, 0.298, 0.43, 0.278, 9, 0.648, 0.491, 0.936, 0.207, 0.103, 6, 0.615, 0.535, 0.419, 0.251, 0.222, 3, 0.382, 0.552, 0.266, 0.145, 0.145]"
190705,"[9, 0.51, 0.544, 0.904, 0.174, 0.114, 8, 0.469, 0.582, 0.53, 0.328, 0.29]"
14613,"[6, 0.866, 0.51, 0.538, 0.339, 0.333, 3, 0.653, 0.584, 0.288, 0.422, 0.205, 9, 0.369, 0.516, 0.887, 0.097, 0.072]"
186123,"[4, 0.867, 0.476, 0.685, 0.223, 0.395, 8, 0.654, 0.638, 0.513, 0.211, 0.295, 8, 0.648, 0.639, 0.561, 0.207, 0.199, 2, 0.551, 0.487, 0.401, 0.317, 0.27, 3, 0.49, 0.507, 0.392, 0.197, 0.224]"
81466,"[7, 0.972, 0.533, 0.391, 0.303, 0.394, 8, 0.891, 0.368, 0.621, 0.185, 0.194, 9, 0.646, 0.5, 0.92, 0.157, 0.131, 8, 0.3, 0.416, 0.634, 0.284, 0.185, 4, 0.262, 0.51, 0.72, 0.218, 0.304]"
20981,"[3, 0.665, 0.514, 0.33, 0.378, 0.289, 9, 0.506, 0.456, 0.901, 0.14, 0.084, 5, 0.496, 0.48, 0.519, 0.283, 0.12, 6, 0.301, 0.477, 0.521, 0.285, 0.113]"
183366,"[4, 0.979, 0.469, 0.676, 0.266, 0.338, 2, 0.954, 0.496, 0.384, 0.376, 0.315, 9, 0.785, 0.483, 0.89, 0.177, 0.123, 8, 0.65, 0.324, 0.676, 0.141, 0.221, 3, 0.29, 0.413, 0.382, 0.19, 0.294]"
165390,"[2, 0.987, 0.523, 0.389, 0.614, 0.49, 2, 0.699, 0.503, 0.329, 0.536, 0.374, 9, 0.567, 0.484, 0.936, 0.187, 0.105, 3, 0.429, 0.511, 0.373, 0.181, 0.355, 7, 0.308, 0.414, 0.388, 0.379, 0.477, 8, 0.297, 0.677, 0.532, 0.299, 0.224, 3, 0.288, 0.627, 0.32, 0.178, 0.269]"
184668,"[6, 0.858, 0.468, 0.464, 0.275, 0.166, 2, 0.832, 0.52, 0.332, 0.52, 0.319, 5, 0.798, 0.468, 0.462, 0.271, 0.162, 9, 0.766, 0.471, 0.894, 0.154, 0.111, 8, 0.543, 0.308, 0.659, 0.126, 0.079, 8, 0.497, 0.306, 0.583, 0.131, 0.23, 8, 0.431, 0.299, 0.558, 0.11, 0.183, 3, 0.286, 0.52, 0.32, 0.528, 0.29]"
34,"[7, 0.529, 0.376, 0.483, 0.343, 0.374, 9, 0.459, 0.308, 0.908, 0.378, 0.113, 8, 0.315, 0.173, 0.634, 0.125, 0.233, 8, 0.288, 0.164, 0.646, 0.133, 0.304]"
18525,"[6, 0.934, 0.441, 0.539, 0.404, 0.369, 3, 0.749, 0.484, 0.277, 0.393, 0.181, 9, 0.565, 0.491, 0.909, 0.198, 0.138, 8, 0.56, 0.584, 0.478, 0.199, 0.149]"
90855,"[2, 0.86, 0.473, 0.351, 0.361, 0.245, 6, 0.778, 0.468, 0.479, 0.347, 0.218, 3, 0.714, 0.474, 0.325, 0.167, 0.132, 9, 0.643, 0.51, 0.865, 0.155, 0.065, 9, 0.296, 0.507, 0.853, 0.159, 0.083, 5, 0.275, 0.472, 0.482, 0.34, 0.223]"
189227,"[6, 0.706, 0.531, 0.448, 0.296, 0.158, 5, 0.664, 0.528, 0.446, 0.312, 0.161, 9, 0.633, 0.53, 0.918, 0.119, 0.139, 3, 0.529, 0.525, 0.285, 0.275, 0.262, 7, 0.292, 0.534, 0.346, 0.306, 0.356]"
79881,"[9, 0.875, 0.509, 0.919, 0.226, 0.148, 3, 0.777, 0.494, 0.296, 0.391, 0.243, 3, 0.514, 0.517, 0.304, 0.304, 0.217, 6, 0.442, 0.493, 0.464, 0.295, 0.172]"
85649,"[4, 0.97, 0.49, 0.632, 0.304, 0.505, 3, 0.763, 0.472, 0.302, 0.498, 0.196, 9, 0.414, 0.549, 0.886, 0.104, 0.068, 3, 0.366, 0.513, 0.299, 0.291, 0.191, 5, 0.26, 0.487, 0.472, 0.291, 0.192]"
190057,"[9, 0.624, 0.598, 0.888, 0.16, 0.125, 2, 0.356, 0.578, 0.337, 0.276, 0.246, 3, 0.297, 0.577, 0.334, 0.278, 0.253, 4, 0.295, 0.557, 0.662, 0.231, 0.36]"
32380,"[8, 0.774, 0.254, 0.756, 0.312, 0.372, 7, 0.751, 0.441, 0.417, 0.337, 0.357, 2, 0.636, 0.432, 0.39, 0.395, 0.349, 8, 0.373, 0.261, 0.8, 0.323, 0.267]"
168950,"[7, 0.959, 0.494, 0.415, 0.337, 0.433]"
187833,"[2, 0.825, 0.546, 0.452, 0.453, 0.519, 8, 0.691, 0.339, 0.7, 0.156, 0.122, 9, 0.413, 0.495, 0.884, 0.156, 0.177, 4, 0.332, 0.515, 0.717, 0.212, 0.223]"
3396,"[8, 0.841, 0.278, 0.584, 0.17, 0.16, 6, 0.735, 0.456, 0.526, 0.298, 0.184, 3, 0.709, 0.444, 0.356, 0.224, 0.177, 9, 0.577, 0.503, 0.938, 0.136, 0.119, 5, 0.514, 0.455, 0.522, 0.3, 0.195, 3, 0.463, 0.478, 0.367, 0.327, 0.194]"
171738,"[4, 0.961, 0.478, 0.668, 0.302, 0.574, 3, 0.699, 0.527, 0.293, 0.245, 0.153, 9, 0.602, 0.451, 0.964, 0.18, 0.055, 8, 0.554, 0.318, 0.473, 0.176, 0.175]"
175372,"[7, 0.933, 0.559, 0.402, 0.333, 0.385, 8, 0.637, 0.269, 0.712, 0.264, 0.331, 9, 0.525, 0.504, 0.863, 0.23, 0.219, 8, 0.505, 0.267, 0.754, 0.26, 0.234, 9, 0.433, 0.502, 0.918, 0.217, 0.113]"
117111,"[6, 0.803, 0.618, 0.641, 0.263, 0.227, 9, 0.563, 0.638, 0.935, 0.124, 0.073, 3, 0.562, 0.611, 0.448, 0.245, 0.184, 3, 0.512, 0.642, 0.468, 0.309, 0.236, 9, 0.334, 0.636, 0.922, 0.131, 0.103, 2, 0.306, 0.646, 0.479, 0.311, 0.255]"
14969,"[4, 0.999, 0.465, 0.676, 0.283, 0.543, 3, 0.782, 0.497, 0.307, 0.328, 0.224, 9, 0.478, 0.503, 0.964, 0.168, 0.071]"
154943,"[4, 0.495, 0.702, 0.734, 0.331, 0.45, 6, 0.3, 0.63, 0.415, 0.447, 0.238]"
1880,"[6, 0.808, 0.502, 0.497, 0.307, 0.161, 5, 0.595, 0.502, 0.499, 0.303, 0.168, 9, 0.56, 0.547, 0.913, 0.202, 0.133, 8, 0.465, 0.326, 0.565, 0.189, 0.092, 3, 0.39, 0.501, 0.322, 0.349, 0.284]"
112680,"[9, 0.797, 0.636, 0.938, 0.212, 0.123, 6, 0.757, 0.712, 0.537, 0.299, 0.239, 3, 0.389, 0.644, 0.349, 0.33, 0.229]"
109746,"[6, 0.889, 0.56, 0.485, 0.256, 0.203, 2, 0.826, 0.541, 0.35, 0.427, 0.289, 9, 0.74, 0.534, 0.854, 0.194, 0.097]"
86522,"[7, 0.949, 0.528, 0.355, 0.267, 0.334, 4, 0.772, 0.509, 0.667, 0.234, 0.306, 9, 0.537, 0.511, 0.858, 0.134, 0.09, 2, 0.432, 0.522, 0.34, 0.303, 0.322]"
119093,"[9, 0.756, 0.48, 0.904, 0.162, 0.098, 3, 0.674, 0.496, 0.321, 0.286, 0.236, 6, 0.667, 0.486, 0.492, 0.277, 0.15, 5, 0.579, 0.49, 0.493, 0.28, 0.146]"
139559,"[4, 0.991, 0.543, 0.629, 0.305, 0.464, 2, 0.806, 0.506, 0.376, 0.49, 0.457, 4, 0.654, 0.687, 0.662, 0.595, 0.537, 9, 0.599, 0.514, 0.889, 0.161, 0.106, 3, 0.407, 0.525, 0.295, 0.238, 0.238, 4, 0.256, 0.709, 0.747, 0.583, 0.502]"
186514,"[6, 0.899, 0.505, 0.484, 0.291, 0.283, 9, 0.658, 0.528, 0.877, 0.208, 0.158, 3, 0.6, 0.496, 0.292, 0.383, 0.24, 3, 0.321, 0.448, 0.263, 0.294, 0.178]"
28216,"[9, 0.758, 0.42, 0.934, 0.172, 0.129, 2, 0.564, 0.412, 0.375, 0.581, 0.296, 7, 0.421, 0.421, 0.436, 0.432, 0.422]"
60472,"[9, 0.93, 0.456, 0.871, 0.209, 0.086, 7, 0.927, 0.479, 0.42, 0.323, 0.392, 8, 0.868, 0.709, 0.632, 0.15, 0.221, 2, 0.363, 0.478, 0.34, 0.314, 0.251, 6, 0.28, 0.482, 0.506, 0.319, 0.219]"
1361,"[3, 0.891, 0.501, 0.296, 0.179, 0.155, 2, 0.86, 0.523, 0.359, 0.395, 0.283, 6, 0.85, 0.509, 0.462, 0.285, 0.208, 8, 0.625, 0.459, 0.869, 0.161, 0.165, 9, 0.298, 0.463, 0.866, 0.156, 0.17]"
192306,"[8, 0.751, 0.284, 0.64, 0.107, 0.157, 6, 0.724, 0.462, 0.477, 0.263, 0.236, 3, 0.662, 0.453, 0.287, 0.305, 0.193, 9, 0.417, 0.463, 0.889, 0.31, 0.095, 9, 0.332, 0.464, 0.907, 0.31, 0.088, 8, 0.293, 0.322, 0.626, 0.18, 0.2]"
114150,"[7, 0.89, 0.464, 0.393, 0.304, 0.363, 9, 0.362, 0.538, 0.833, 0.274, 0.224, 2, 0.361, 0.468, 0.36, 0.293, 0.333]"
79342,"[8, 0.944, 0.626, 0.598, 0.299, 0.241, 8, 0.522, 0.628, 0.631, 0.305, 0.168, 8, 0.411, 0.165, 0.641, 0.209, 0.099, 7, 0.361, 0.46, 0.378, 0.302, 0.393, 8, 0.291, 0.616, 0.583, 0.294, 0.331]"
91366,"[6, 0.82, 0.452, 0.458, 0.343, 0.266, 9, 0.659, 0.436, 0.919, 0.183, 0.11]"
84523,"[4, 0.995, 0.5, 0.636, 0.263, 0.439, 9, 0.648, 0.522, 0.889, 0.156, 0.126, 3, 0.528, 0.495, 0.34, 0.276, 0.21]"
27901,"[4, 0.962, 0.544, 0.654, 0.296, 0.573, 9, 0.396, 0.504, 0.936, 0.175, 0.049, 3, 0.388, 0.53, 0.315, 0.276, 0.198]"
71395,"[3, 0.543, 0.531, 0.333, 0.358, 0.332, 4, 0.391, 0.548, 0.642, 0.26, 0.451, 9, 0.328, 0.546, 0.917, 0.127, 0.151, 8, 0.322, 0.398, 0.502, 0.188, 0.157]"
183103,"[3, 0.797, 0.577, 0.307, 0.225, 0.183, 6, 0.671, 0.581, 0.497, 0.514, 0.228, 8, 0.452, 0.504, 0.468, 0.392, 0.295, 9, 0.336, 0.569, 0.934, 0.129, 0.101, 8, 0.287, 0.414, 0.466, 0.217, 0.269, 3, 0.285, 0.619, 0.315, 0.361, 0.254, 7, 0.275, 0.565, 0.405, 0.532, 0.401]"
99557,"[2, 0.958, 0.457, 0.361, 0.356, 0.368, 9, 0.803, 0.492, 0.893, 0.182, 0.143, 6, 0.726, 0.474, 0.476, 0.299, 0.24, 3, 0.416, 0.473, 0.301, 0.075, 0.148]"
93834,"[6, 0.958, 0.577, 0.518, 0.244, 0.153, 3, 0.589, 0.582, 0.379, 0.214, 0.155]"
10466,"[6, 0.915, 0.484, 0.535, 0.421, 0.421, 8, 0.637, 0.305, 0.785, 0.184, 0.127, 9, 0.585, 0.461, 0.923, 0.141, 0.095, 3, 0.326, 0.497, 0.263, 0.302, 0.176, 7, 0.255, 0.494, 0.477, 0.373, 0.576]"
188983,"[7, 0.958, 0.453, 0.402, 0.488, 0.441, 8, 0.842, 0.712, 0.605, 0.178, 0.209, 9, 0.543, 0.522, 0.951, 0.152, 0.061, 9, 0.409, 0.522, 0.937, 0.162, 0.086, 6, 0.37, 0.456, 0.488, 0.483, 0.271]"
181018,"[8, 0.779, 0.387, 0.694, 0.285, 0.313, 6, 0.642, 0.51, 0.465, 0.223, 0.15, 8, 0.481, 0.403, 0.619, 0.175, 0.142, 9, 0.469, 0.516, 0.864, 0.198, 0.124, 3, 0.389, 0.544, 0.326, 0.211, 0.165, 6, 0.26, 0.389, 0.707, 0.285, 0.276, 8, 0.257, 0.412, 0.629, 0.223, 0.137]"
31444,"[2, 0.717, 0.37, 0.312, 0.388, 0.224, 3, 0.618, 0.357, 0.308, 0.193, 0.121, 9, 0.531, 0.332, 0.91, 0.143, 0.085, 7, 0.394, 0.368, 0.388, 0.333, 0.359]"
63177,"[4, 0.994, 0.494, 0.629, 0.292, 0.386, 3, 0.702, 0.497, 0.32, 0.298, 0.299, 9, 0.47, 0.488, 0.872, 0.249, 0.135, 9, 0.253, 0.491, 0.856, 0.238, 0.211]"
61828,"[4, 0.987, 0.47, 0.695, 0.255, 0.459, 2, 0.956, 0.475, 0.408, 0.377, 0.434, 3, 0.722, 0.451, 0.355, 0.123, 0.238, 9, 0.671, 0.51, 0.938, 0.18, 0.082, 4, 0.373, 0.485, 0.767, 0.24, 0.32, 4, 0.274, 0.473, 0.551, 0.264, 0.144, 7, 0.258, 0.57, 0.409, 0.151, 0.417]"
178196,"[5, 0.863, 0.535, 0.567, 0.31, 0.128, 3, 0.595, 0.583, 0.41, 0.195, 0.212, 2, 0.472, 0.556, 0.362, 0.379, 0.333, 9, 0.468, 0.522, 0.893, 0.19, 0.065, 9, 0.276, 0.522, 0.904, 0.187, 0.054]"
174659,"[7, 0.953, 0.471, 0.421, 0.36, 0.442, 8, 0.724, 0.311, 0.705, 0.203, 0.223, 9, 0.708, 0.503, 0.913, 0.2, 0.151, 2, 0.597, 0.479, 0.421, 0.387, 0.445, 2, 0.356, 0.478, 0.337, 0.374, 0.279]"
10226,"[4, 0.972, 0.477, 0.628, 0.346, 0.441, 3, 0.918, 0.484, 0.335, 0.193, 0.203, 2, 0.739, 0.47, 0.33, 0.386, 0.326, 8, 0.583, 0.319, 0.611, 0.114, 0.18, 9, 0.437, 0.487, 0.901, 0.14, 0.127]"
57685,"[6, 0.784, 0.455, 0.427, 0.215, 0.144, 9, 0.774, 0.52, 0.82, 0.264, 0.114, 3, 0.499, 0.477, 0.258, 0.197, 0.224, 8, 0.422, 0.469, 0.424, 0.233, 0.149, 2, 0.407, 0.543, 0.277, 0.329, 0.283, 3, 0.394, 0.543, 0.273, 0.33, 0.279]"
115471,"[7, 0.981, 0.614, 0.38, 0.275, 0.357, 9, 0.749, 0.564, 0.901, 0.221, 0.083, 2, 0.283, 0.634, 0.372, 0.281, 0.364]"
27621,"[8, 0.752, 0.387, 0.51, 0.195, 0.189, 9, 0.709, 0.437, 0.884, 0.231, 0.144, 3, 0.491, 0.518, 0.368, 0.347, 0.193, 6, 0.407, 0.4, 0.524, 0.189, 0.192]"
124296,"[4, 0.988, 0.525, 0.673, 0.209, 0.352, 9, 0.719, 0.528, 0.868, 0.177, 0.077, 2, 0.714, 0.527, 0.33, 0.29, 0.237, 7, 0.461, 0.518, 0.371, 0.263, 0.305]"
190541,"[4, 0.71, 0.513, 0.7, 0.262, 0.356, 9, 0.61, 0.514, 0.927, 0.161, 0.138, 2, 0.565, 0.505, 0.344, 0.394, 0.376, 3, 0.39, 0.502, 0.338, 0.4, 0.362]"
6288,"[4, 0.822, 0.518, 0.629, 0.329, 0.487, 8, 0.697, 0.72, 0.585, 0.203, 0.21, 3, 0.689, 0.45, 0.283, 0.303, 0.22, 9, 0.525, 0.636, 0.893, 0.307, 0.152, 6, 0.397, 0.513, 0.513, 0.324, 0.266]"
49379,"[4, 0.724, 0.439, 0.748, 0.295, 0.347, 6, 0.476, 0.443, 0.489, 0.299, 0.219, 9, 0.416, 0.354, 0.885, 0.186, 0.156]"
121133,"[6, 0.946, 0.552, 0.473, 0.409, 0.252, 9, 0.785, 0.538, 0.912, 0.17, 0.151, 3, 0.753, 0.509, 0.266, 0.243, 0.21, 5, 0.715, 0.564, 0.473, 0.393, 0.257, 8, 0.297, 0.54, 0.908, 0.173, 0.155]"
188476,"[4, 0.965, 0.526, 0.689, 0.239, 0.389, 8, 0.724, 0.652, 0.466, 0.219, 0.256, 9, 0.718, 0.522, 0.901, 0.162, 0.102, 7, 0.524, 0.489, 0.355, 0.232, 0.335, 2, 0.38, 0.53, 0.344, 0.31, 0.352]"
67987,"[6, 0.84, 0.548, 0.619, 0.41, 0.318, 7, 0.734, 0.548, 0.515, 0.409, 0.519, 9, 0.471, 0.55, 0.916, 0.117, 0.056]"
32309,"[6, 0.62, 0.617, 0.489, 0.292, 0.206, 2, 0.56, 0.68, 0.298, 0.35, 0.22, 3, 0.541, 0.677, 0.298, 0.36, 0.222, 9, 0.462, 0.625, 0.896, 0.175, 0.151, 8, 0.367, 0.819, 0.53, 0.182, 0.168]"
182399,"[6, 0.756, 0.544, 0.569, 0.374, 0.254, 9, 0.632, 0.519, 0.913, 0.174, 0.108, 7, 0.459, 0.539, 0.493, 0.388, 0.405, 3, 0.253, 0.471, 0.381, 0.279, 0.182]"
110249,"[8, 0.932, 0.588, 0.709, 0.279, 0.345, 8, 0.773, 0.591, 0.754, 0.275, 0.236, 9, 0.437, 0.484, 0.919, 0.209, 0.12, 3, 0.372, 0.544, 0.274, 0.311, 0.208, 6, 0.289, 0.474, 0.446, 0.296, 0.218]"
78736,"[8, 0.837, 0.361, 0.589, 0.203, 0.241, 6, 0.778, 0.554, 0.539, 0.366, 0.36, 3, 0.623, 0.501, 0.268, 0.442, 0.217, 9, 0.331, 0.494, 0.885, 0.079, 0.105]"
9267,"[8, 0.806, 0.572, 0.69, 0.2, 0.174, 9, 0.596, 0.562, 0.855, 0.148, 0.068, 3, 0.569, 0.589, 0.426, 0.23, 0.152, 6, 0.527, 0.573, 0.692, 0.203, 0.174, 2, 0.514, 0.582, 0.493, 0.257, 0.287, 9, 0.308, 0.56, 0.843, 0.158, 0.092]"
47557,"[3, 0.812, 0.481, 0.298, 0.318, 0.171, 9, 0.654, 0.503, 0.861, 0.201, 0.108, 8, 0.523, 0.386, 0.503, 0.22, 0.101, 6, 0.374, 0.494, 0.464, 0.263, 0.199, 5, 0.337, 0.496, 0.463, 0.265, 0.19]"
87956,"[7, 0.985, 0.467, 0.381, 0.359, 0.459, 9, 0.645, 0.454, 0.931, 0.175, 0.116, 4, 0.271, 0.462, 0.771, 0.258, 0.349]"
168245,"[6, 0.871, 0.509, 0.483, 0.363, 0.216, 3, 0.61, 0.489, 0.294, 0.265, 0.195, 9, 0.489, 0.428, 0.864, 0.33, 0.107, 5, 0.405, 0.498, 0.484, 0.37, 0.217]"
194423,"[6, 0.781, 0.512, 0.494, 0.265, 0.248, 3, 0.75, 0.496, 0.302, 0.234, 0.181, 9, 0.703, 0.571, 0.874, 0.201, 0.149]"
61494,"[4, 0.998, 0.496, 0.673, 0.315, 0.566, 8, 0.758, 0.677, 0.535, 0.204, 0.089, 3, 0.615, 0.487, 0.36, 0.344, 0.312, 6, 0.556, 0.5, 0.668, 0.325, 0.563, 3, 0.556, 0.492, 0.314, 0.335, 0.215, 2, 0.542, 0.487, 0.359, 0.35, 0.314, 8, 0.26, 0.673, 0.478, 0.214, 0.215]"
11881,"[4, 0.987, 0.503, 0.652, 0.313, 0.472, 9, 0.772, 0.508, 0.927, 0.16, 0.094, 8, 0.708, 0.723, 0.494, 0.161, 0.194, 3, 0.593, 0.448, 0.313, 0.482, 0.247, 3, 0.502, 0.531, 0.323, 0.293, 0.229, 2, 0.491, 0.449, 0.316, 0.481, 0.251]"
134447,"[4, 0.82, 0.362, 0.669, 0.343, 0.592, 8, 0.817, 0.35, 0.532, 0.13, 0.11, 3, 0.393, 0.449, 0.287, 0.202, 0.216, 7, 0.325, 0.377, 0.67, 0.314, 0.557, 2, 0.256, 0.39, 0.364, 0.333, 0.362]"
13469,"[2, 0.75, 0.548, 0.361, 0.34, 0.232, 9, 0.434, 0.501, 0.93, 0.23, 0.088, 3, 0.425, 0.566, 0.357, 0.131, 0.176, 6, 0.347, 0.547, 0.493, 0.283, 0.142, 5, 0.264, 0.547, 0.495, 0.29, 0.145]"
38144,"[3, 0.428, 0.599, 0.299, 0.244, 0.224, 8, 0.29, 0.696, 0.92, 0.09, 0.128, 7, 0.271, 0.602, 0.391, 0.348, 0.416]"
58063,"[9, 0.835, 0.564, 0.897, 0.236, 0.141, 6, 0.763, 0.502, 0.461, 0.307, 0.206, 2, 0.7, 0.514, 0.324, 0.322, 0.316, 3, 0.447, 0.486, 0.287, 0.21, 0.207]"
110461,"[6, 0.888, 0.723, 0.532, 0.308, 0.277, 3, 0.756, 0.655, 0.302, 0.247, 0.191, 3, 0.411, 0.658, 0.317, 0.308, 0.21, 9, 0.372, 0.655, 0.934, 0.21, 0.129]"
144883,"[6, 0.804, 0.535, 0.468, 0.304, 0.195, 3, 0.677, 0.51, 0.29, 0.211, 0.196, 5, 0.532, 0.53, 0.466, 0.311, 0.202, 3, 0.283, 0.513, 0.273, 0.37, 0.234, 9, 0.255, 0.592, 0.91, 0.245, 0.124, 3, 0.254, 0.518, 0.313, 0.192, 0.149]"
34984,"[9, 0.825, 0.462, 0.923, 0.228, 0.137, 7, 0.697, 0.476, 0.457, 0.332, 0.428, 8, 0.674, 0.267, 0.625, 0.302, 0.29]"
187530,"[6, 0.885, 0.477, 0.512, 0.311, 0.233, 2, 0.691, 0.463, 0.334, 0.388, 0.293, 9, 0.624, 0.612, 0.866, 0.296, 0.141, 3, 0.325, 0.397, 0.315, 0.238, 0.196]"
15222,"[4, 0.891, 0.536, 0.719, 0.308, 0.384, 9, 0.632, 0.53, 0.937, 0.171, 0.081, 3, 0.469, 0.513, 0.303, 0.369, 0.297]"
86234,"[7, 0.984, 0.501, 0.424, 0.324, 0.445, 9, 0.501, 0.466, 0.907, 0.262, 0.159]"
76099,"[8, 0.891, 0.2, 0.614, 0.214, 0.245, 6, 0.811, 0.347, 0.514, 0.295, 0.263, 3, 0.632, 0.329, 0.294, 0.35, 0.214, 8, 0.504, 0.224, 0.626, 0.169, 0.214]"
52345,"[6, 0.887, 0.595, 0.494, 0.301, 0.228, 3, 0.85, 0.571, 0.308, 0.24, 0.186, 9, 0.395, 0.618, 0.876, 0.128, 0.111]"
81763,"[9, 0.589, 0.504, 0.901, 0.128, 0.097, 2, 0.455, 0.52, 0.453, 0.345, 0.357, 3, 0.381, 0.557, 0.497, 0.254, 0.242, 5, 0.327, 0.522, 0.629, 0.318, 0.117]"
148300,"[4, 0.901, 0.516, 0.636, 0.27, 0.441, 8, 0.89, 0.644, 0.597, 0.253, 0.197, 2, 0.492, 0.539, 0.322, 0.331, 0.321, 4, 0.438, 0.512, 0.552, 0.26, 0.272, 6, 0.401, 0.512, 0.541, 0.261, 0.265, 9, 0.352, 0.546, 0.908, 0.104, 0.124, 8, 0.325, 0.631, 0.554, 0.278, 0.29, 3, 0.321, 0.509, 0.343, 0.245, 0.273]"
148920,"[6, 0.926, 0.51, 0.551, 0.374, 0.249, 9, 0.648, 0.505, 0.947, 0.253, 0.105, 2, 0.624, 0.507, 0.315, 0.619, 0.31, 5, 0.453, 0.502, 0.555, 0.381, 0.26, 3, 0.34, 0.515, 0.313, 0.614, 0.306, 9, 0.292, 0.508, 0.962, 0.256, 0.076]"
48051,"[6, 0.876, 0.447, 0.465, 0.296, 0.211, 7, 0.622, 0.446, 0.37, 0.296, 0.4, 9, 0.537, 0.427, 0.907, 0.164, 0.138]"
170021,"[6, 0.757, 0.672, 0.493, 0.28, 0.206, 9, 0.487, 0.648, 0.83, 0.142, 0.105, 2, 0.385, 0.67, 0.39, 0.331, 0.321, 3, 0.341, 0.688, 0.311, 0.194, 0.174, 3, 0.327, 0.668, 0.342, 0.167, 0.129]"
103060,"[6, 0.789, 0.465, 0.504, 0.225, 0.186, 9, 0.584, 0.414, 0.847, 0.16, 0.141, 3, 0.436, 0.469, 0.351, 0.205, 0.14]"
161007,"[4, 0.996, 0.531, 0.662, 0.237, 0.389, 9, 0.529, 0.521, 0.895, 0.128, 0.109, 9, 0.494, 0.519, 0.927, 0.124, 0.048, 2, 0.491, 0.527, 0.367, 0.347, 0.268, 3, 0.355, 0.537, 0.37, 0.292, 0.231]"
15799,"[4, 0.988, 0.444, 0.637, 0.232, 0.339, 9, 0.607, 0.496, 0.823, 0.187, 0.109, 3, 0.442, 0.462, 0.382, 0.183, 0.196]"
92878,"[4, 0.98, 0.58, 0.668, 0.261, 0.442, 3, 0.651, 0.543, 0.371, 0.343, 0.258, 9, 0.467, 0.558, 0.864, 0.131, 0.105, 1, 0.282, 0.588, 0.167, 0.205, 0.09, 5, 0.278, 0.582, 0.496, 0.235, 0.119]"
14624,"[9, 0.791, 0.501, 0.864, 0.148, 0.104, 6, 0.762, 0.514, 0.491, 0.244, 0.126, 5, 0.719, 0.502, 0.493, 0.256, 0.129, 2, 0.402, 0.49, 0.346, 0.365, 0.298, 3, 0.39, 0.492, 0.35, 0.365, 0.301]"
176489,"[4, 0.806, 0.596, 0.577, 0.211, 0.268, 6, 0.463, 0.607, 0.381, 0.214, 0.144, 3, 0.455, 0.616, 0.247, 0.165, 0.153, 3, 0.251, 0.612, 0.307, 0.158, 0.041]"
25189,"[8, 0.721, 0.33, 0.737, 0.197, 0.278, 6, 0.61, 0.513, 0.551, 0.319, 0.174, 9, 0.515, 0.525, 0.93, 0.196, 0.138, 8, 0.437, 0.323, 0.785, 0.183, 0.175, 8, 0.378, 0.358, 0.686, 0.123, 0.207, 2, 0.324, 0.509, 0.409, 0.393, 0.333, 3, 0.275, 0.509, 0.41, 0.39, 0.324, 3, 0.256, 0.503, 0.388, 0.275, 0.181]"
36114,"[7, 0.696, 0.481, 0.377, 0.288, 0.331, 6, 0.681, 0.422, 0.486, 0.218, 0.134, 9, 0.644, 0.487, 0.848, 0.158, 0.141, 2, 0.328, 0.48, 0.376, 0.296, 0.335, 5, 0.271, 0.427, 0.489, 0.211, 0.134]"
103789,"[2, 0.799, 0.567, 0.372, 0.436, 0.366, 9, 0.433, 0.506, 0.888, 0.15, 0.089, 8, 0.43, 0.692, 0.5, 0.244, 0.194, 7, 0.359, 0.586, 0.406, 0.429, 0.385, 8, 0.337, 0.645, 0.491, 0.331, 0.213, 9, 0.299, 0.506, 0.912, 0.14, 0.052]"
169516,"[6, 0.871, 0.461, 0.536, 0.375, 0.243, 3, 0.573, 0.452, 0.352, 0.219, 0.146, 9, 0.397, 0.462, 0.917, 0.176, 0.085, 9, 0.357, 0.455, 0.903, 0.192, 0.114]"
185849,"[6, 0.729, 0.524, 0.475, 0.289, 0.226, 9, 0.712, 0.583, 0.876, 0.164, 0.109, 8, 0.533, 0.715, 0.504, 0.176, 0.157, 7, 0.461, 0.522, 0.391, 0.299, 0.403]"
45296,"[3, 0.843, 0.54, 0.288, 0.313, 0.2, 4, 0.418, 0.53, 0.61, 0.338, 0.496, 4, 0.299, 0.724, 0.579, 0.217, 0.589]"
151449,"[6, 0.659, 0.822, 0.492, 0.34, 0.266, 7, 0.349, 0.815, 0.395, 0.359, 0.446, 3, 0.34, 0.773, 0.272, 0.242, 0.222]"
106225,"[6, 0.862, 0.326, 0.618, 0.243, 0.194, 3, 0.722, 0.327, 0.461, 0.271, 0.183, 8, 0.301, 0.205, 0.771, 0.097, 0.235, 8, 0.263, 0.198, 0.807, 0.079, 0.162]"
6124,"[6, 0.898, 0.5, 0.497, 0.275, 0.273, 9, 0.709, 0.555, 0.864, 0.149, 0.063, 2, 0.303, 0.519, 0.348, 0.332, 0.3]"
186431,"[2, 0.801, 0.496, 0.378, 0.413, 0.303, 6, 0.727, 0.465, 0.521, 0.354, 0.212, 5, 0.448, 0.463, 0.521, 0.346, 0.221, 9, 0.415, 0.451, 0.901, 0.127, 0.129]"
182095,"[9, 0.724, 0.559, 0.852, 0.29, 0.147, 2, 0.388, 0.515, 0.364, 0.315, 0.385, 8, 0.385, 0.52, 0.468, 0.147, 0.077, 7, 0.318, 0.515, 0.374, 0.311, 0.379]"
16117,"[2, 0.917, 0.537, 0.375, 0.424, 0.382, 3, 0.901, 0.52, 0.345, 0.167, 0.215, 5, 0.778, 0.548, 0.49, 0.277, 0.113, 4, 0.42, 0.537, 0.701, 0.289, 0.356, 9, 0.417, 0.553, 0.926, 0.102, 0.105]"
53145,"[4, 0.979, 0.489, 0.608, 0.343, 0.511, 3, 0.643, 0.54, 0.306, 0.267, 0.162, 9, 0.283, 0.633, 0.925, 0.094, 0.078]"
180017,"[3, 0.811, 0.468, 0.344, 0.224, 0.189, 6, 0.705, 0.48, 0.494, 0.243, 0.145, 3, 0.472, 0.435, 0.34, 0.322, 0.198, 9, 0.367, 0.549, 0.821, 0.185, 0.135, 5, 0.262, 0.484, 0.495, 0.236, 0.143]"
48288,"[4, 0.846, 0.56, 0.653, 0.344, 0.558, 9, 0.694, 0.602, 0.912, 0.307, 0.112, 4, 0.407, 0.489, 0.655, 0.492, 0.574, 8, 0.321, 0.393, 0.584, 0.107, 0.122, 9, 0.279, 0.587, 0.936, 0.342, 0.07]"
44437,"[4, 0.939, 0.449, 0.723, 0.288, 0.35, 9, 0.746, 0.462, 0.927, 0.243, 0.109, 8, 0.638, 0.266, 0.623, 0.213, 0.258, 8, 0.382, 0.308, 0.563, 0.125, 0.106, 2, 0.323, 0.452, 0.424, 0.307, 0.349]"
23236,"[3, 0.789, 0.483, 0.276, 0.34, 0.262, 6, 0.777, 0.508, 0.499, 0.299, 0.294, 8, 0.355, 0.217, 0.833, 0.233, 0.149, 9, 0.322, 0.552, 0.927, 0.185, 0.079]"
29809,"[3, 0.76, 0.452, 0.31, 0.333, 0.223, 5, 0.65, 0.439, 0.469, 0.289, 0.124, 9, 0.553, 0.453, 0.913, 0.124, 0.167]"
180688,"[4, 0.973, 0.474, 0.664, 0.303, 0.54, 2, 0.945, 0.468, 0.313, 0.395, 0.312, 4, 0.806, 0.363, 0.664, 0.538, 0.569, 3, 0.617, 0.478, 0.316, 0.206, 0.248, 9, 0.406, 0.511, 0.909, 0.27, 0.134, 9, 0.38, 0.492, 0.909, 0.202, 0.124]"
80439,"[3, 0.817, 0.424, 0.433, 0.198, 0.129, 9, 0.41, 0.505, 0.862, 0.193, 0.09, 3, 0.279, 0.402, 0.432, 0.229, 0.153]"
181469,"[8, 0.92, 0.331, 0.673, 0.148, 0.304, 3, 0.88, 0.537, 0.316, 0.306, 0.209, 6, 0.586, 0.502, 0.675, 0.324, 0.518, 4, 0.375, 0.503, 0.675, 0.319, 0.524]"
46873,"[9, 0.826, 0.672, 0.938, 0.182, 0.082, 8, 0.725, 0.734, 0.62, 0.226, 0.269, 3, 0.702, 0.656, 0.296, 0.199, 0.136, 6, 0.569, 0.546, 0.47, 0.186, 0.168, 9, 0.259, 0.666, 0.927, 0.189, 0.109, 8, 0.255, 0.728, 0.574, 0.216, 0.296]"
36436,"[4, 0.999, 0.427, 0.616, 0.33, 0.525, 3, 0.884, 0.439, 0.275, 0.253, 0.185, 9, 0.468, 0.481, 0.906, 0.137, 0.149]"
71912,"[6, 0.932, 0.506, 0.514, 0.32, 0.23, 3, 0.876, 0.502, 0.318, 0.191, 0.191, 2, 0.792, 0.495, 0.341, 0.368, 0.288, 9, 0.568, 0.505, 0.929, 0.148, 0.08, 5, 0.254, 0.505, 0.515, 0.322, 0.221]"
134423,"[7, 0.995, 0.475, 0.417, 0.351, 0.414, 9, 0.787, 0.499, 0.909, 0.159, 0.093, 2, 0.604, 0.484, 0.363, 0.358, 0.327]"
192552,"[5, 0.852, 0.471, 0.51, 0.255, 0.114, 6, 0.769, 0.471, 0.51, 0.259, 0.118, 2, 0.509, 0.471, 0.377, 0.375, 0.316, 9, 0.492, 0.482, 0.929, 0.158, 0.06, 3, 0.461, 0.472, 0.377, 0.373, 0.311, 9, 0.364, 0.476, 0.941, 0.172, 0.07, 3, 0.345, 0.486, 0.356, 0.313, 0.23, 9, 0.331, 0.427, 0.951, 0.257, 0.093, 9, 0.289, 0.48, 0.908, 0.161, 0.1]"
182255,"[9, 0.619, 0.498, 0.899, 0.207, 0.115, 3, 0.612, 0.522, 0.334, 0.411, 0.294, 6, 0.571, 0.491, 0.536, 0.275, 0.193, 8, 0.525, 0.428, 0.523, 0.208, 0.159, 2, 0.384, 0.529, 0.334, 0.402, 0.297, 6, 0.342, 0.445, 0.518, 0.173, 0.153]"
173618,"[4, 0.999, 0.522, 0.665, 0.301, 0.551, 3, 0.521, 0.505, 0.275, 0.346, 0.266, 9, 0.45, 0.556, 0.886, 0.192, 0.18, 4, 0.405, 0.359, 0.573, 0.617, 0.668, 9, 0.371, 0.559, 0.923, 0.184, 0.098]"
40949,"[7, 0.964, 0.407, 0.424, 0.35, 0.462, 6, 0.641, 0.4, 0.52, 0.35, 0.261, 9, 0.422, 0.43, 0.912, 0.137, 0.136, 9, 0.287, 0.43, 0.885, 0.132, 0.094, 6, 0.254, 0.4, 0.456, 0.351, 0.392]"
146679,"[6, 0.952, 0.486, 0.555, 0.433, 0.33, 3, 0.647, 0.518, 0.283, 0.309, 0.204, 3, 0.353, 0.513, 0.284, 0.235, 0.182]"
56322,"[8, 0.735, 0.591, 0.514, 0.181, 0.315, 3, 0.696, 0.45, 0.274, 0.249, 0.212, 6, 0.609, 0.361, 0.484, 0.369, 0.195, 9, 0.507, 0.302, 0.923, 0.383, 0.151, 2, 0.331, 0.432, 0.295, 0.495, 0.262, 3, 0.328, 0.427, 0.281, 0.493, 0.239, 5, 0.319, 0.355, 0.479, 0.38, 0.198]"
94547,"[7, 0.776, 0.527, 0.411, 0.332, 0.338, 9, 0.626, 0.485, 0.915, 0.294, 0.108, 9, 0.367, 0.552, 0.921, 0.153, 0.097]"
125865,"[4, 0.972, 0.557, 0.592, 0.451, 0.485, 3, 0.424, 0.581, 0.265, 0.272, 0.282, 5, 0.315, 0.574, 0.45, 0.311, 0.169, 7, 0.275, 0.565, 0.503, 0.456, 0.675]"
1534,"[7, 0.937, 0.458, 0.397, 0.351, 0.382, 9, 0.779, 0.471, 0.907, 0.188, 0.087]"
46463,"[7, 0.916, 0.46, 0.414, 0.403, 0.471, 9, 0.72, 0.437, 0.892, 0.215, 0.131]"
61911,"[3, 0.857, 0.524, 0.257, 0.253, 0.192, 6, 0.823, 0.519, 0.425, 0.244, 0.193, 8, 0.791, 0.699, 0.715, 0.153, 0.196, 9, 0.308, 0.535, 0.941, 0.174, 0.094]"
89939,"[4, 0.952, 0.562, 0.662, 0.299, 0.539, 3, 0.832, 0.591, 0.343, 0.156, 0.115, 8, 0.766, 0.405, 0.5, 0.194, 0.149, 2, 0.586, 0.52, 0.389, 0.356, 0.349, 9, 0.476, 0.565, 0.91, 0.214, 0.119, 9, 0.346, 0.56, 0.936, 0.211, 0.067, 1, 0.257, 0.528, 0.072, 0.14, 0.055]"
53137,"[7, 0.941, 0.461, 0.391, 0.337, 0.42, 9, 0.577, 0.402, 0.887, 0.198, 0.12]"
52059,"[7, 0.987, 0.405, 0.356, 0.411, 0.399, 9, 0.537, 0.518, 0.811, 0.256, 0.139]"
53715,"[4, 0.985, 0.489, 0.654, 0.225, 0.43, 2, 0.883, 0.507, 0.395, 0.355, 0.356, 9, 0.704, 0.483, 0.901, 0.134, 0.091, 8, 0.702, 0.325, 0.472, 0.239, 0.205, 3, 0.516, 0.51, 0.348, 0.114, 0.178, 4, 0.463, 0.511, 0.5, 0.31, 0.393]"
145714,"[8, 0.912, 0.61, 0.647, 0.248, 0.261, 6, 0.626, 0.463, 0.454, 0.279, 0.197, 2, 0.617, 0.473, 0.301, 0.381, 0.264, 9, 0.589, 0.501, 0.934, 0.164, 0.128, 3, 0.295, 0.475, 0.303, 0.384, 0.273, 7, 0.289, 0.461, 0.364, 0.327, 0.384, 6, 0.265, 0.608, 0.649, 0.245, 0.219]"
161787,"[7, 0.762, 0.561, 0.406, 0.3, 0.412, 2, 0.561, 0.556, 0.393, 0.318, 0.398, 9, 0.448, 0.533, 0.93, 0.313, 0.117]"
94218,"[6, 0.898, 0.417, 0.588, 0.335, 0.235, 3, 0.572, 0.424, 0.351, 0.347, 0.287, 9, 0.449, 0.377, 0.878, 0.266, 0.103, 8, 0.375, 0.248, 0.423, 0.135, 0.174]"
14690,"[4, 0.996, 0.484, 0.586, 0.238, 0.344, 9, 0.455, 0.493, 0.789, 0.079, 0.102, 3, 0.346, 0.496, 0.298, 0.35, 0.272]"
33264,"[6, 0.801, 0.391, 0.489, 0.308, 0.183, 9, 0.788, 0.444, 0.879, 0.176, 0.121, 3, 0.783, 0.426, 0.294, 0.355, 0.25, 5, 0.747, 0.388, 0.491, 0.312, 0.194, 3, 0.484, 0.412, 0.32, 0.27, 0.203]"
8732,"[2, 0.897, 0.463, 0.389, 0.373, 0.328, 9, 0.752, 0.447, 0.921, 0.144, 0.111, 3, 0.747, 0.474, 0.361, 0.162, 0.201, 8, 0.28, 0.32, 0.514, 0.159, 0.126]"
164607,"[7, 0.744, 0.743, 0.404, 0.416, 0.433, 8, 0.589, 0.512, 0.542, 0.154, 0.132, 2, 0.388, 0.676, 0.392, 0.475, 0.45, 5, 0.298, 0.754, 0.497, 0.397, 0.253, 3, 0.287, 0.693, 0.328, 0.283, 0.276, 9, 0.284, 0.615, 0.883, 0.202, 0.164, 9, 0.273, 0.616, 0.908, 0.196, 0.11, 1, 0.251, 0.692, 0.087, 0.272, 0.115]"
190557,"[2, 0.951, 0.554, 0.404, 0.405, 0.367, 4, 0.911, 0.565, 0.711, 0.273, 0.3, 9, 0.653, 0.605, 0.905, 0.218, 0.108, 8, 0.645, 0.389, 0.665, 0.153, 0.21, 8, 0.475, 0.408, 0.692, 0.117, 0.154]"
75909,"[4, 0.994, 0.513, 0.671, 0.384, 0.534, 3, 0.618, 0.531, 0.33, 0.343, 0.285, 9, 0.439, 0.543, 0.93, 0.204, 0.13]"
101304,"[2, 0.941, 0.488, 0.324, 0.451, 0.337, 9, 0.734, 0.493, 0.926, 0.165, 0.113, 3, 0.321, 0.395, 0.342, 0.258, 0.303, 3, 0.315, 0.427, 0.354, 0.18, 0.276, 8, 0.254, 0.688, 0.462, 0.125, 0.147]"
39385,"[8, 0.815, 0.362, 0.752, 0.194, 0.315, 5, 0.545, 0.489, 0.433, 0.265, 0.14, 3, 0.512, 0.467, 0.263, 0.336, 0.311, 9, 0.465, 0.51, 0.911, 0.17, 0.109, 3, 0.441, 0.498, 0.273, 0.263, 0.269]"
74956,"[3, 0.68, 0.526, 0.308, 0.283, 0.204, 9, 0.571, 0.464, 0.908, 0.174, 0.103, 3, 0.561, 0.478, 0.309, 0.18, 0.198, 5, 0.517, 0.506, 0.482, 0.233, 0.161, 3, 0.489, 0.479, 0.328, 0.161, 0.152, 6, 0.483, 0.509, 0.481, 0.223, 0.166, 9, 0.276, 0.469, 0.876, 0.189, 0.17, 2, 0.27, 0.493, 0.376, 0.373, 0.35]"
114887,"[7, 0.981, 0.523, 0.414, 0.276, 0.475, 8, 0.911, 0.386, 0.629, 0.194, 0.144, 9, 0.827, 0.502, 0.916, 0.226, 0.131, 2, 0.316, 0.5, 0.358, 0.326, 0.37, 6, 0.313, 0.389, 0.628, 0.195, 0.144]"
48949,"[3, 0.905, 0.563, 0.334, 0.227, 0.189, 8, 0.606, 0.407, 0.694, 0.103, 0.193, 6, 0.468, 0.537, 0.5, 0.253, 0.132]"
192803,"[6, 0.929, 0.424, 0.518, 0.358, 0.393, 7, 0.554, 0.427, 0.52, 0.362, 0.392, 3, 0.425, 0.503, 0.259, 0.333, 0.179, 9, 0.329, 0.455, 0.888, 0.174, 0.073, 9, 0.294, 0.452, 0.817, 0.19, 0.212]"
97343,"[7, 0.985, 0.523, 0.458, 0.429, 0.397, 9, 0.634, 0.511, 0.921, 0.183, 0.113, 6, 0.307, 0.513, 0.456, 0.416, 0.4, 8, 0.277, 0.686, 0.564, 0.129, 0.157]"
7998,"[6, 0.774, 0.545, 0.523, 0.293, 0.191, 9, 0.627, 0.522, 0.924, 0.138, 0.12, 3, 0.576, 0.55, 0.37, 0.114, 0.116, 2, 0.277, 0.535, 0.398, 0.29, 0.212, 3, 0.258, 0.535, 0.376, 0.279, 0.163]"
70017,"[9, 0.476, 0.437, 0.888, 0.178, 0.124, 5, 0.475, 0.548, 0.572, 0.276, 0.13, 2, 0.388, 0.593, 0.393, 0.411, 0.354, 3, 0.334, 0.591, 0.411, 0.407, 0.379, 7, 0.3, 0.6, 0.407, 0.41, 0.356]"
97943,"[4, 0.995, 0.554, 0.614, 0.277, 0.409, 8, 0.886, 0.373, 0.651, 0.149, 0.198, 9, 0.679, 0.53, 0.87, 0.169, 0.123, 9, 0.574, 0.533, 0.89, 0.162, 0.085, 3, 0.442, 0.553, 0.295, 0.271, 0.267, 2, 0.275, 0.553, 0.296, 0.309, 0.278]"
139163,"[4, 0.458, 0.561, 0.634, 0.392, 0.492, 9, 0.398, 0.484, 0.897, 0.111, 0.139, 3, 0.362, 0.467, 0.258, 0.419, 0.242, 4, 0.279, 0.558, 0.525, 0.385, 0.286]"
32751,"[7, 0.792, 0.536, 0.435, 0.324, 0.411, 6, 0.764, 0.539, 0.527, 0.33, 0.237, 9, 0.488, 0.547, 0.855, 0.161, 0.155, 3, 0.35, 0.626, 0.321, 0.339, 0.199]"
46428,"[9, 0.587, 0.467, 0.914, 0.157, 0.118, 3, 0.379, 0.485, 0.296, 0.339, 0.203, 6, 0.346, 0.453, 0.56, 0.281, 0.172]"
187332,"[6, 0.888, 0.496, 0.502, 0.344, 0.228, 9, 0.606, 0.514, 0.895, 0.14, 0.105, 3, 0.472, 0.436, 0.321, 0.329, 0.212]"
57846,"[6, 0.876, 0.456, 0.474, 0.245, 0.182, 9, 0.834, 0.531, 0.884, 0.212, 0.148, 2, 0.834, 0.471, 0.294, 0.494, 0.263, 3, 0.575, 0.445, 0.316, 0.152, 0.184, 3, 0.37, 0.472, 0.309, 0.204, 0.192]"
14698,"[5, 0.855, 0.528, 0.464, 0.279, 0.143, 8, 0.846, 0.367, 0.651, 0.214, 0.336, 6, 0.581, 0.527, 0.465, 0.289, 0.147, 3, 0.543, 0.581, 0.334, 0.45, 0.32, 2, 0.346, 0.579, 0.331, 0.451, 0.311, 8, 0.294, 0.371, 0.698, 0.206, 0.235]"
175150,"[4, 0.962, 0.536, 0.67, 0.38, 0.589, 4, 0.94, 0.593, 0.671, 0.262, 0.594, 3, 0.796, 0.58, 0.284, 0.379, 0.241, 4, 0.772, 0.485, 0.689, 0.286, 0.526, 3, 0.253, 0.593, 0.271, 0.238, 0.231]"
48938,"[6, 0.87, 0.479, 0.417, 0.26, 0.175, 3, 0.791, 0.468, 0.255, 0.289, 0.191, 9, 0.441, 0.501, 0.839, 0.127, 0.126]"
105683,"[7, 0.993, 0.544, 0.425, 0.366, 0.391, 9, 0.498, 0.509, 0.829, 0.151, 0.086]"
188270,"[6, 0.894, 0.433, 0.421, 0.245, 0.129, 9, 0.88, 0.466, 0.841, 0.192, 0.119, 3, 0.808, 0.42, 0.288, 0.193, 0.187, 5, 0.587, 0.44, 0.422, 0.242, 0.127, 3, 0.519, 0.443, 0.287, 0.137, 0.171, 2, 0.439, 0.435, 0.308, 0.35, 0.242]"
91736,"[2, 0.56, 0.499, 0.364, 0.396, 0.289, 3, 0.415, 0.499, 0.371, 0.4, 0.299, 6, 0.345, 0.455, 0.519, 0.265, 0.129, 9, 0.334, 0.431, 0.869, 0.13, 0.169, 4, 0.3, 0.577, 0.778, 0.366, 0.403, 5, 0.295, 0.454, 0.519, 0.257, 0.136]"
114635,"[4, 0.968, 0.56, 0.634, 0.332, 0.42, 3, 0.651, 0.608, 0.325, 0.274, 0.235, 8, 0.412, 0.396, 0.464, 0.219, 0.197]"
63548,"[7, 0.746, 0.494, 0.453, 0.348, 0.34, 9, 0.596, 0.544, 0.895, 0.213, 0.132, 8, 0.314, 0.576, 0.541, 0.196, 0.155, 6, 0.261, 0.491, 0.462, 0.356, 0.324]"
189146,"[4, 0.989, 0.516, 0.663, 0.231, 0.34, 8, 0.641, 0.321, 0.665, 0.197, 0.233, 9, 0.599, 0.497, 0.878, 0.162, 0.099, 4, 0.504, 0.486, 0.71, 0.288, 0.427, 9, 0.426, 0.47, 0.88, 0.209, 0.106, 3, 0.38, 0.523, 0.406, 0.306, 0.222, 2, 0.296, 0.518, 0.404, 0.302, 0.22, 3, 0.289, 0.514, 0.443, 0.257, 0.133, 9, 0.276, 0.44, 0.891, 0.274, 0.121]"
94570,"[8, 0.89, 0.308, 0.679, 0.169, 0.23, 9, 0.531, 0.507, 0.959, 0.149, 0.063, 9, 0.518, 0.507, 0.943, 0.152, 0.088, 6, 0.501, 0.508, 0.49, 0.387, 0.269, 7, 0.276, 0.506, 0.405, 0.389, 0.43, 8, 0.251, 0.661, 0.635, 0.175, 0.176]"
109496,"[7, 0.959, 0.705, 0.474, 0.37, 0.505, 9, 0.443, 0.66, 0.919, 0.191, 0.154]"
168749,"[8, 0.61, 0.334, 0.585, 0.158, 0.188, 6, 0.565, 0.522, 0.484, 0.274, 0.134, 3, 0.51, 0.543, 0.322, 0.38, 0.278, 5, 0.482, 0.52, 0.486, 0.287, 0.13, 9, 0.465, 0.497, 0.841, 0.203, 0.219, 2, 0.325, 0.545, 0.326, 0.382, 0.283]"
167717,"[4, 0.997, 0.46, 0.63, 0.249, 0.422, 9, 0.616, 0.528, 0.874, 0.181, 0.111, 3, 0.428, 0.461, 0.33, 0.297, 0.293]"
177135,"[6, 0.681, 0.442, 0.585, 0.331, 0.347, 3, 0.404, 0.432, 0.313, 0.214, 0.223]"
191880,"[6, 0.791, 0.506, 0.473, 0.292, 0.233, 3, 0.316, 0.495, 0.35, 0.335, 0.262, 9, 0.3, 0.502, 0.857, 0.124, 0.108]"
117375,"[2, 0.954, 0.553, 0.321, 0.432, 0.332, 9, 0.889, 0.473, 0.934, 0.269, 0.131, 5, 0.837, 0.555, 0.501, 0.326, 0.192, 3, 0.828, 0.554, 0.316, 0.182, 0.2, 6, 0.648, 0.55, 0.499, 0.337, 0.188]"
68022,"[3, 0.563, 0.519, 0.408, 0.29, 0.172, 9, 0.44, 0.519, 0.936, 0.156, 0.095, 6, 0.438, 0.525, 0.561, 0.263, 0.182, 9, 0.313, 0.518, 0.955, 0.147, 0.064, 2, 0.258, 0.522, 0.43, 0.316, 0.207]"
194242,"[9, 0.412, 0.507, 0.936, 0.089, 0.089, 6, 0.295, 0.515, 0.513, 0.328, 0.277]"
41024,"[7, 0.803, 0.486, 0.441, 0.323, 0.518, 8, 0.776, 0.349, 0.607, 0.243, 0.181, 4, 0.479, 0.49, 0.438, 0.317, 0.513, 9, 0.389, 0.482, 0.937, 0.164, 0.091, 3, 0.386, 0.519, 0.263, 0.212, 0.182, 4, 0.368, 0.498, 0.534, 0.283, 0.326, 9, 0.361, 0.482, 0.96, 0.163, 0.053, 2, 0.254, 0.477, 0.288, 0.312, 0.219]"
170516,"[4, 0.991, 0.472, 0.687, 0.255, 0.502, 8, 0.819, 0.291, 0.667, 0.187, 0.235, 8, 0.53, 0.772, 0.817, 0.127, 0.2, 8, 0.508, 0.777, 0.876, 0.117, 0.083, 8, 0.424, 0.698, 0.721, 0.248, 0.3, 8, 0.416, 0.702, 0.798, 0.261, 0.269]"
192471,"[3, 0.835, 0.494, 0.301, 0.288, 0.177, 6, 0.516, 0.517, 0.486, 0.236, 0.221, 4, 0.421, 0.533, 0.721, 0.309, 0.401, 8, 0.385, 0.394, 0.565, 0.192, 0.134, 8, 0.278, 0.425, 0.565, 0.15, 0.133]"
182740,"[2, 0.858, 0.484, 0.309, 0.333, 0.309, 6, 0.806, 0.471, 0.444, 0.309, 0.254, 9, 0.477, 0.498, 0.877, 0.178, 0.122, 7, 0.283, 0.469, 0.382, 0.309, 0.393]"
38634,"[9, 0.598, 0.611, 0.92, 0.174, 0.133, 2, 0.516, 0.603, 0.321, 0.404, 0.257, 6, 0.456, 0.586, 0.495, 0.31, 0.189]"
105059,"[6, 0.882, 0.632, 0.502, 0.282, 0.23, 9, 0.731, 0.678, 0.899, 0.206, 0.14, 3, 0.575, 0.582, 0.313, 0.201, 0.176, 3, 0.523, 0.632, 0.315, 0.314, 0.194, 9, 0.259, 0.672, 0.919, 0.209, 0.105]"
3980,"[6, 0.783, 0.434, 0.493, 0.294, 0.156, 3, 0.7, 0.435, 0.323, 0.463, 0.269, 9, 0.651, 0.568, 0.925, 0.174, 0.127, 5, 0.523, 0.435, 0.496, 0.296, 0.157, 8, 0.429, 0.294, 0.7, 0.185, 0.34]"
146731,"[4, 0.992, 0.466, 0.642, 0.237, 0.422, 9, 0.608, 0.528, 0.866, 0.218, 0.136, 2, 0.346, 0.448, 0.311, 0.289, 0.293]"
8,"[2, 0.971, 0.49, 0.376, 0.378, 0.42, 6, 0.365, 0.521, 0.482, 0.262, 0.314, 9, 0.317, 0.522, 0.93, 0.145, 0.052, 7, 0.265, 0.519, 0.483, 0.258, 0.314]"
61514,"[8, 0.78, 0.253, 0.498, 0.188, 0.238, 8, 0.661, 0.253, 0.543, 0.183, 0.144, 8, 0.623, 0.266, 0.523, 0.167, 0.186, 6, 0.546, 0.467, 0.469, 0.333, 0.207, 2, 0.482, 0.429, 0.371, 0.425, 0.297, 3, 0.281, 0.419, 0.305, 0.152, 0.14]"
53207,"[4, 0.919, 0.658, 0.675, 0.268, 0.367, 9, 0.838, 0.704, 0.916, 0.229, 0.129, 7, 0.618, 0.693, 0.368, 0.37, 0.35, 2, 0.505, 0.703, 0.359, 0.351, 0.357]"
18660,"[2, 0.77, 0.443, 0.325, 0.343, 0.256, 6, 0.75, 0.475, 0.472, 0.273, 0.197, 3, 0.637, 0.453, 0.289, 0.151, 0.176, 9, 0.567, 0.508, 0.908, 0.122, 0.094]"
138615,"[6, 0.972, 0.31, 0.52, 0.36, 0.299, 9, 0.755, 0.32, 0.922, 0.217, 0.098]"
51583,"[6, 0.892, 0.492, 0.464, 0.29, 0.257, 3, 0.695, 0.527, 0.255, 0.288, 0.185]"
189066,"[4, 0.972, 0.525, 0.755, 0.222, 0.38, 2, 0.657, 0.501, 0.417, 0.34, 0.326, 2, 0.397, 0.53, 0.43, 0.251, 0.322, 9, 0.35, 0.475, 0.879, 0.122, 0.144, 3, 0.272, 0.512, 0.431, 0.184, 0.299]"
81082,"[7, 0.85, 0.539, 0.399, 0.304, 0.414, 9, 0.69, 0.5, 0.905, 0.23, 0.136, 2, 0.473, 0.548, 0.309, 0.327, 0.315]"
43799,"[6, 0.839, 0.573, 0.454, 0.279, 0.182, 3, 0.798, 0.572, 0.283, 0.38, 0.219, 5, 0.531, 0.569, 0.456, 0.286, 0.192, 9, 0.427, 0.522, 0.889, 0.156, 0.075, 3, 0.404, 0.551, 0.289, 0.246, 0.192]"
145595,"[7, 0.966, 0.495, 0.429, 0.282, 0.332, 8, 0.715, 0.328, 0.708, 0.146, 0.195, 9, 0.582, 0.528, 0.873, 0.18, 0.111, 2, 0.28, 0.5, 0.427, 0.297, 0.327]"
38056,"[4, 0.974, 0.459, 0.625, 0.276, 0.502, 2, 0.914, 0.499, 0.339, 0.432, 0.365, 9, 0.832, 0.501, 0.915, 0.192, 0.138]"
88640,"[6, 0.735, 0.371, 0.467, 0.45, 0.199, 3, 0.677, 0.465, 0.29, 0.307, 0.182, 5, 0.444, 0.354, 0.463, 0.443, 0.204]"
172813,"[9, 0.848, 0.474, 0.903, 0.225, 0.133, 8, 0.704, 0.261, 0.642, 0.265, 0.293, 6, 0.631, 0.472, 0.538, 0.345, 0.169, 3, 0.545, 0.469, 0.34, 0.376, 0.268, 8, 0.406, 0.266, 0.685, 0.263, 0.2, 5, 0.393, 0.476, 0.538, 0.321, 0.171, 2, 0.308, 0.47, 0.34, 0.379, 0.274, 9, 0.282, 0.469, 0.877, 0.218, 0.222]"
147154,"[4, 0.998, 0.447, 0.669, 0.331, 0.476, 3, 0.77, 0.436, 0.318, 0.4, 0.307, 9, 0.382, 0.478, 0.935, 0.157, 0.104, 9, 0.347, 0.479, 0.959, 0.148, 0.063]"
166107,"[7, 0.887, 0.665, 0.358, 0.262, 0.308, 9, 0.579, 0.678, 0.783, 0.252, 0.069, 6, 0.551, 0.666, 0.364, 0.263, 0.292]"
172089,"[2, 0.813, 0.546, 0.33, 0.5, 0.266, 6, 0.788, 0.465, 0.561, 0.4, 0.371, 7, 0.62, 0.484, 0.48, 0.436, 0.549, 2, 0.546, 0.531, 0.48, 0.53, 0.568, 9, 0.422, 0.475, 0.945, 0.187, 0.089, 9, 0.371, 0.474, 0.926, 0.192, 0.115, 3, 0.291, 0.462, 0.299, 0.175, 0.175]"
189707,"[2, 0.975, 0.427, 0.375, 0.465, 0.35, 4, 0.966, 0.443, 0.701, 0.281, 0.466, 8, 0.466, 0.313, 0.47, 0.1, 0.154, 9, 0.452, 0.408, 0.879, 0.188, 0.15, 8, 0.409, 0.306, 0.563, 0.105, 0.076, 9, 0.39, 0.41, 0.909, 0.177, 0.094, 8, 0.355, 0.315, 0.443, 0.104, 0.202, 4, 0.314, 0.445, 0.579, 0.328, 0.652]"
169373,"[6, 0.909, 0.547, 0.484, 0.394, 0.275, 9, 0.848, 0.621, 0.89, 0.238, 0.116, 3, 0.75, 0.463, 0.28, 0.395, 0.191, 5, 0.342, 0.54, 0.481, 0.38, 0.285]"
14672,"[6, 0.973, 0.537, 0.535, 0.502, 0.363, 3, 0.553, 0.499, 0.354, 0.393, 0.308, 9, 0.54, 0.545, 0.905, 0.27, 0.114, 2, 0.367, 0.504, 0.356, 0.384, 0.309, 3, 0.312, 0.462, 0.287, 0.299, 0.174]"
150857,"[6, 0.925, 0.462, 0.482, 0.308, 0.249, 3, 0.79, 0.496, 0.298, 0.439, 0.274, 9, 0.635, 0.465, 0.883, 0.317, 0.117]"
16325,"[4, 0.934, 0.433, 0.694, 0.276, 0.487, 3, 0.603, 0.424, 0.359, 0.362, 0.334, 9, 0.487, 0.419, 0.894, 0.18, 0.177, 2, 0.341, 0.43, 0.356, 0.374, 0.337, 6, 0.272, 0.363, 0.465, 0.206, 0.173]"
56922,"[9, 0.609, 0.498, 0.923, 0.156, 0.113, 3, 0.577, 0.482, 0.303, 0.226, 0.232, 8, 0.545, 0.335, 0.596, 0.095, 0.095, 6, 0.458, 0.483, 0.466, 0.278, 0.168, 5, 0.413, 0.482, 0.467, 0.294, 0.17]"
169710,"[6, 0.817, 0.548, 0.533, 0.352, 0.239, 9, 0.756, 0.525, 0.906, 0.194, 0.116, 7, 0.33, 0.546, 0.394, 0.328, 0.501]"
102284,"[3, 0.615, 0.629, 0.325, 0.386, 0.264, 8, 0.374, 0.426, 0.827, 0.262, 0.261, 6, 0.358, 0.479, 0.506, 0.286, 0.191]"
168402,"[4, 0.958, 0.487, 0.691, 0.325, 0.518, 2, 0.773, 0.49, 0.322, 0.401, 0.359, 9, 0.436, 0.416, 0.929, 0.348, 0.14, 9, 0.379, 0.454, 0.957, 0.263, 0.086, 3, 0.284, 0.385, 0.317, 0.16, 0.263]"
39620,"[9, 0.817, 0.48, 0.905, 0.271, 0.127, 6, 0.72, 0.516, 0.449, 0.273, 0.202, 3, 0.535, 0.522, 0.272, 0.214, 0.172, 8, 0.461, 0.351, 0.476, 0.115, 0.152, 3, 0.393, 0.522, 0.282, 0.336, 0.196, 3, 0.328, 0.549, 0.287, 0.24, 0.187, 5, 0.264, 0.511, 0.447, 0.272, 0.204]"
38652,"[4, 0.969, 0.57, 0.609, 0.28, 0.523, 3, 0.736, 0.546, 0.294, 0.322, 0.192, 8, 0.726, 0.451, 0.517, 0.121, 0.148, 8, 0.62, 0.446, 0.546, 0.127, 0.195, 9, 0.49, 0.585, 0.916, 0.112, 0.144, 9, 0.291, 0.594, 0.965, 0.111, 0.066]"
180947,"[6, 0.887, 0.398, 0.475, 0.356, 0.218, 3, 0.633, 0.444, 0.265, 0.374, 0.252, 9, 0.568, 0.454, 0.897, 0.23, 0.126]"
190011,"[4, 0.979, 0.471, 0.662, 0.302, 0.539, 2, 0.938, 0.506, 0.365, 0.399, 0.402, 3, 0.778, 0.496, 0.319, 0.164, 0.187, 8, 0.773, 0.355, 0.507, 0.225, 0.159, 9, 0.597, 0.502, 0.943, 0.172, 0.083]"
16975,"[4, 0.987, 0.437, 0.666, 0.277, 0.392, 2, 0.895, 0.453, 0.33, 0.44, 0.319, 3, 0.75, 0.411, 0.357, 0.186, 0.28, 8, 0.539, 0.568, 0.502, 0.214, 0.189, 3, 0.5, 0.395, 0.365, 0.119, 0.239, 9, 0.453, 0.46, 0.886, 0.161, 0.111, 9, 0.427, 0.46, 0.917, 0.153, 0.057, 3, 0.299, 0.343, 0.347, 0.148, 0.213, 3, 0.278, 0.324, 0.343, 0.193, 0.239]"
12170,"[4, 0.981, 0.528, 0.665, 0.384, 0.439, 9, 0.747, 0.422, 0.937, 0.344, 0.119, 2, 0.565, 0.525, 0.317, 0.42, 0.339, 3, 0.266, 0.529, 0.325, 0.409, 0.341]"
133008,"[3, 0.72, 0.485, 0.321, 0.215, 0.247, 9, 0.687, 0.49, 0.939, 0.185, 0.109, 6, 0.494, 0.494, 0.564, 0.223, 0.256, 2, 0.41, 0.539, 0.444, 0.333, 0.492, 9, 0.343, 0.478, 0.925, 0.212, 0.139]"
99503,"[4, 0.988, 0.478, 0.726, 0.306, 0.414, 2, 0.552, 0.495, 0.377, 0.383, 0.342, 8, 0.437, 0.354, 0.791, 0.206, 0.378, 6, 0.396, 0.479, 0.484, 0.238, 0.113]"
183804,"[7, 0.944, 0.514, 0.449, 0.356, 0.456, 2, 0.804, 0.565, 0.375, 0.47, 0.348, 9, 0.68, 0.509, 0.881, 0.194, 0.098, 2, 0.539, 0.523, 0.432, 0.386, 0.453]"
82068,"[6, 0.799, 0.443, 0.539, 0.409, 0.209, 3, 0.731, 0.494, 0.33, 0.225, 0.21, 9, 0.346, 0.478, 0.906, 0.142, 0.143, 8, 0.304, 0.646, 0.621, 0.193, 0.212, 3, 0.254, 0.468, 0.336, 0.308, 0.213]"
188812,"[7, 0.868, 0.512, 0.464, 0.365, 0.403, 2, 0.42, 0.514, 0.46, 0.378, 0.402, 9, 0.287, 0.529, 0.877, 0.086, 0.085]"
158318,"[3, 0.698, 0.505, 0.377, 0.209, 0.263, 9, 0.639, 0.525, 0.926, 0.319, 0.121, 8, 0.59, 0.364, 0.704, 0.329, 0.252, 6, 0.351, 0.498, 0.549, 0.262, 0.127, 6, 0.314, 0.373, 0.746, 0.349, 0.297, 4, 0.308, 0.583, 0.752, 0.183, 0.305, 3, 0.263, 0.475, 0.37, 0.297, 0.297]"
22815,"[4, 0.886, 0.508, 0.621, 0.416, 0.573, 3, 0.507, 0.5, 0.31, 0.375, 0.277, 9, 0.484, 0.446, 0.919, 0.153, 0.101, 2, 0.448, 0.502, 0.306, 0.372, 0.272]"
108105,"[9, 0.812, 0.484, 0.873, 0.201, 0.096, 6, 0.745, 0.467, 0.473, 0.304, 0.168, 3, 0.644, 0.485, 0.302, 0.233, 0.236, 3, 0.55, 0.432, 0.308, 0.128, 0.199, 5, 0.395, 0.469, 0.473, 0.302, 0.164, 2, 0.36, 0.465, 0.304, 0.278, 0.246]"
90852,"[3, 0.906, 0.42, 0.363, 0.186, 0.171, 8, 0.768, 0.585, 0.602, 0.112, 0.148, 6, 0.688, 0.43, 0.608, 0.298, 0.344, 4, 0.282, 0.429, 0.609, 0.292, 0.33, 8, 0.276, 0.582, 0.6, 0.137, 0.213, 3, 0.263, 0.47, 0.359, 0.298, 0.186]"
76740,"[7, 0.953, 0.461, 0.399, 0.327, 0.385, 8, 0.539, 0.617, 0.616, 0.183, 0.284]"
30421,"[6, 0.877, 0.521, 0.507, 0.321, 0.354, 8, 0.798, 0.342, 0.652, 0.29, 0.298, 3, 0.65, 0.473, 0.246, 0.357, 0.173, 9, 0.379, 0.457, 0.937, 0.147, 0.08, 3, 0.312, 0.477, 0.28, 0.366, 0.251]"
184730,"[7, 0.825, 0.545, 0.421, 0.297, 0.364, 4, 0.788, 0.584, 0.733, 0.274, 0.296, 9, 0.727, 0.569, 0.896, 0.212, 0.114, 8, 0.69, 0.379, 0.651, 0.203, 0.143, 8, 0.355, 0.381, 0.689, 0.208, 0.219]"
3046,"[6, 0.916, 0.486, 0.489, 0.406, 0.235, 9, 0.813, 0.53, 0.899, 0.162, 0.107, 3, 0.71, 0.511, 0.314, 0.376, 0.271]"
49795,"[4, 0.991, 0.484, 0.671, 0.201, 0.358, 9, 0.677, 0.457, 0.858, 0.172, 0.101, 3, 0.63, 0.526, 0.415, 0.303, 0.185, 3, 0.593, 0.49, 0.413, 0.22, 0.178, 8, 0.436, 0.375, 0.648, 0.119, 0.12]"
90173,"[4, 0.998, 0.26, 0.62, 0.299, 0.432, 3, 0.756, 0.285, 0.297, 0.402, 0.302, 9, 0.38, 0.272, 0.936, 0.133, 0.055, 9, 0.368, 0.27, 0.899, 0.135, 0.128]"
122270,"[6, 0.79, 0.468, 0.508, 0.328, 0.262, 3, 0.786, 0.513, 0.291, 0.331, 0.205, 9, 0.504, 0.402, 0.906, 0.301, 0.144]"
176833,"[6, 0.81, 0.421, 0.538, 0.348, 0.257, 8, 0.537, 0.271, 0.485, 0.287, 0.232, 8, 0.414, 0.314, 0.505, 0.21, 0.26, 9, 0.337, 0.423, 0.92, 0.158, 0.159]"
188205,"[3, 0.739, 0.473, 0.374, 0.484, 0.206, 6, 0.511, 0.49, 0.509, 0.235, 0.154, 9, 0.314, 0.472, 0.852, 0.132, 0.148]"
854,"[8, 0.773, 0.328, 0.665, 0.156, 0.174, 2, 0.561, 0.541, 0.394, 0.482, 0.376, 9, 0.5, 0.479, 0.858, 0.128, 0.162, 7, 0.319, 0.555, 0.408, 0.439, 0.356, 7, 0.297, 0.467, 0.408, 0.281, 0.359, 9, 0.272, 0.475, 0.885, 0.122, 0.131]"
6125,"[4, 0.925, 0.49, 0.698, 0.222, 0.323, 3, 0.393, 0.481, 0.42, 0.304, 0.253, 9, 0.353, 0.482, 0.881, 0.089, 0.078]"
31069,"[3, 0.662, 0.313, 0.355, 0.356, 0.26, 6, 0.608, 0.325, 0.512, 0.324, 0.159, 5, 0.322, 0.314, 0.512, 0.303, 0.159, 9, 0.256, 0.312, 0.91, 0.114, 0.119]"
31988,"[8, 0.895, 0.439, 0.681, 0.152, 0.208, 3, 0.787, 0.567, 0.358, 0.308, 0.184, 6, 0.653, 0.578, 0.506, 0.275, 0.17, 9, 0.606, 0.581, 0.913, 0.15, 0.078, 5, 0.526, 0.58, 0.508, 0.282, 0.168]"
45743,"[3, 0.783, 0.333, 0.323, 0.292, 0.202, 9, 0.401, 0.332, 0.887, 0.137, 0.087, 6, 0.391, 0.363, 0.519, 0.279, 0.168, 9, 0.346, 0.297, 0.884, 0.205, 0.095]"
70633,"[4, 0.973, 0.712, 0.668, 0.333, 0.431, 4, 0.855, 0.475, 0.576, 0.228, 0.596, 4, 0.772, 0.601, 0.575, 0.477, 0.618, 9, 0.653, 0.691, 0.928, 0.201, 0.094, 9, 0.502, 0.662, 0.907, 0.261, 0.147, 2, 0.487, 0.68, 0.501, 0.495, 0.638, 2, 0.376, 0.715, 0.321, 0.427, 0.3]"
178623,"[4, 0.998, 0.477, 0.611, 0.327, 0.496, 3, 0.818, 0.466, 0.283, 0.296, 0.215, 9, 0.766, 0.496, 0.908, 0.181, 0.105]"
102581,"[5, 0.783, 0.404, 0.618, 0.282, 0.137, 9, 0.66, 0.392, 0.921, 0.183, 0.106, 3, 0.583, 0.443, 0.44, 0.347, 0.262, 6, 0.28, 0.411, 0.618, 0.266, 0.141]"
125748,"[8, 0.738, 0.312, 0.422, 0.257, 0.197, 2, 0.705, 0.511, 0.326, 0.347, 0.318, 7, 0.623, 0.481, 0.4, 0.295, 0.377, 9, 0.393, 0.404, 0.916, 0.217, 0.078, 8, 0.384, 0.378, 0.43, 0.135, 0.184, 4, 0.309, 0.449, 0.757, 0.286, 0.364]"
123769,"[4, 0.884, 0.454, 0.681, 0.32, 0.469, 3, 0.758, 0.443, 0.376, 0.224, 0.167, 9, 0.338, 0.459, 0.94, 0.311, 0.103, 8, 0.283, 0.629, 0.734, 0.129, 0.378]"
163316,"[7, 0.901, 0.539, 0.419, 0.325, 0.423, 8, 0.534, 0.337, 0.539, 0.135, 0.147, 9, 0.473, 0.502, 0.899, 0.097, 0.069]"
13527,"[3, 0.79, 0.556, 0.21, 0.204, 0.177, 6, 0.634, 0.544, 0.419, 0.332, 0.179, 3, 0.366, 0.554, 0.242, 0.216, 0.206, 5, 0.363, 0.543, 0.421, 0.327, 0.193]"
64301,"[4, 0.904, 0.536, 0.687, 0.333, 0.346, 4, 0.86, 0.482, 0.681, 0.237, 0.346, 2, 0.792, 0.506, 0.408, 0.367, 0.442, 9, 0.4, 0.498, 0.895, 0.187, 0.168, 8, 0.383, 0.318, 0.48, 0.226, 0.246, 4, 0.288, 0.58, 0.713, 0.427, 0.389]"
